SR#,Model,Name,Odometer,VIN,BidType,Ammount,BuyerName,Address,Phone No.
1,2015,INFINITI QX60 AWD V6,14477,5N1AL0MM2FC525394,,,,,
,,,,,Bid,"$39,000 ",INFINITI OF GWINNETT,"3090 Satellite Blvd Duluth, GA 30096",(678) 534-7471
,,,,,Bid,"$37,000 ",MOTOR WERKS OF BARRINGTON INC,"1475 S Barrington Rd Barrington, IL 60010",(847) 497-8669
,,,,,Bid,"$39,500 ",TIM DAHLE INFINITI,"4594 S State St Salt Lake City, UT 84107",(801) 262-5500
,,,,,Bid,"$38,500 ",INFINITI OF OAKLAND,"2801 Broadway, Oakland, CA 94611, United States",855-314-9838
,,,,,SOLD,"$39,500 ",TIM DAHLE INFINITI,"4594 S State St Salt Lake City, UT 84107",(801) 262-5500
2,2016,INFINITI QX70 AWD,13472,JN8CS1MW9GM400254,,,,,
,,,,,Bid,"$45,000 ",AUSTIN INFINITI INC,"8140 Burnet Rd Austin, TX 78757",(512) 220-0920
,,,,,Bid,"$48,000 ",MOTOR WERKS OF BARRINGTON INC,"1475 S Barrington Rd Barrington, IL 60010",(847) 497-8669
,,,,,Bid,"$47,500 ",TIM DAHLE INFINITI,"4594 S State St Salt Lake City, UT 84107",(801) 262-5500
,,,,,SOLD,"$48,000 ",MOTOR WERKS OF BARRINGTON INC,"1475 S Barrington Rd Barrington, IL 60010",(847) 497-8669
3,2015,INFINITI Q50 4X2 V6 SPORT,10171,JN1AV7APXFM790163,,,,,
,,,,,Bid,"$34,000 ",AUSTIN INFINITI INC,"8140 Burnet Rd Austin, TX 78757",(512) 220-0920
,,,,,Bid,"$32,000 ",COULTER INFINITI,"6225 E Test Dr, Mesa, AZ 85206, United States",480-396-1500
,,,,,SOLD,"$33,500 ",INFINITI OF MISSION VIEJO,"28471 Marguerite Pkwy Mission Viejo, CA 92692",(949) 916-4200
4,2015,INFINITI QX80 4X4,2238,JN8AZ2NE1F9085109,,,,,
,,,,,Bid,"$62,500 ",MOTOR WERKS OF BARRINGTON INC,"1475 S Barrington Rd Barrington, IL 60010",(847) 497-8669
,,,,,Bid,"$68,000 ",INFINITI OF GWINNETT,"3090 Satellite Blvd Duluth, GA 30096",(678) 534-7471
,,,,,Bid,"$66,000 ",TIM DAHLE INFINITI,"4594 S State St Salt Lake City, UT 84107",(801) 262-5500
,,,,,Bid,"$68,500 ",AUSTIN INFINITI INC,"8140 Burnet Rd Austin, TX 78757",(512) 220-0920
,,,,,SOLD,"$68,500 ",AUSTIN INFINITI INC,"8140 Burnet Rd Austin, TX 78757",(512) 220-0920
5,2015,INFINITI QX60 FWD V6,2705,5N1AL0MN0FC500275,,,,,
,,,,,Bid,"$39,000 ",INFINITI OF GWINNETT,"3090 Satellite Blvd Duluth, GA 30096",(678) 534-7471
,,,,,Bid,"$39,500 ",AUSTIN INFINITI INC,"8140 Burnet Rd Austin, TX 78757",(512) 220-0920
,,,,,SOLD,"$39,500 ",AUSTIN INFINITI INC,"8140 Burnet Rd Austin, TX 78757",(512) 220-0920
6,2015,INFINITI QX70 4X2,8535,JN8CS1MU1FM381177,,,,,
,,,,,Bid,"$37,500 ",AUTONATION INFINITI TUSTIN,"33 Auto Center Dr Tustin, CA 92782",(714) 627-5556
,,,,,Bid,"$38,000 ",AUSTIN INFINITI INC,"8140 Burnet Rd Austin, TX 78757",(512) 220-0920
,,,,,SOLD,"$38,000 ",AUSTIN INFINITI INC,"8140 Burnet Rd Austin, TX 78757",(512) 220-0920
7,2015,INFINITI Q60 4X2 JOURNEY,4379,JN1CV6EK4FM871760,,,,,
,,,,,Bid,"$29,000 ",AUSTIN INFINITI INC,"8140 Burnet Rd Austin, TX 78757",(512) 220-0920
,,,,,SOLD,"$29,000 ",AUSTIN INFINITI INC,"8140 Burnet Rd Austin, TX 78757",(512) 220-0920
8,2015,INFINITI QX80 4X4,9741,JN8AZ2NE1F9082016,,,,,
,,,,,Bid,"$66,500 ",TIM DAHLE INFINITI,"4594 S State St Salt Lake City, UT 84107",(801) 262-5500
,,,,,Bid,"$68,500 ",INFINITI OF GWINNETT,"3090 Satellite Blvd Duluth, GA 30096",(678) 534-7471
,,,,,Bid,"$65,500 ",MOTOR WERKS OF BARRINGTON INC,"1475 S Barrington Rd Barrington, IL 60010",(847) 497-8669
,,,,,Bid,"$69,000 ",AUSTIN INFINITI INC,"8140 Burnet Rd Austin, TX 78757",(512) 220-0920
,,,,,SOLD,"$69,000 ",AUSTIN INFINITI INC,"8140 Burnet Rd Austin, TX 78757",(512) 220-0920
9,2015,INFINITI QX60 AWD V6,22030,5N1AL0MM4FC527714,,,,,
,,,,,Bid,"$36,500 ",INFINITI OF GWINNETT,"3090 Satellite Blvd Duluth, GA 30096",(678) 534-7471
,,,,,Bid,"$41,000 ",AUSTIN INFINITI INC,"8140 Burnet Rd Austin, TX 78757",(512) 220-0920
,,,,,Bid,"$37,500 ",TIM DAHLE INFINITI,"4594 S State St Salt Lake City, UT 84107",(801) 262-5500
,,,,,Bid,"$40,500 ",MOTOR WERKS OF BARRINGTON INC,"1475 S Barrington Rd Barrington, IL 60010",(847) 497-8669
,,,,,SOLD,"$41,000 ",AUSTIN INFINITI INC,"8140 Burnet Rd Austin, TX 78757",(512) 220-0920
10,2012,INFINITI G37 4X2 JOURNEY,29942,JN1CV6AP0CM620408,,,,,
,,,,,Bid,"$19,000 ",AUTONATION INFINITI SOUTH BAY,"3233 Pacific Coast Hwy Torrance, CA 90505",(424) 245-0985
,,,,,SOLD,"$19,250 ",NISSAN OF VACAVILLE,"671 Orange Dr Vacaville, CA 95687",(707) 455-4500
11,2012,INFINITI G25 4X2 JOURNEY,27033,JN1DV6AP9CM813032,,,,,
,,,,,Bid,"$17,000 ",AUTONATION INFINITI SOUTH BAY,"3233 Pacific Coast Hwy Torrance, CA 90505",(424) 245-0985
,,,,,SOLD,"$17,250 ",LOTUS OF LAS VEGAS,NA,NA
12,2014,INFINITI Q50 4X2 V6 PREMIUM,21069,JN1BV7AP8EM689819,,,,,
,,,,,Bid,"$23,500 ",AUTOFLEX LEASING,"558 South Central Expressway, Richardson, Texas 75080",972-234-1234
,,,,,Bid,"$23,250 ",AUTONATION ACURA STEVENS CREEK,"4747 Stevens Creek Boulevard, Santa Clara, CA 95051, United States",408-758-5502
,,,,,Bid,"$24,000 ",DONOHOO AUTO LLC,"8122 Helena Rd, Pelham, AL 35124, United States",205-444-9333
,,,,,SOLD,"$23,750 ",METRO INFINITI INC,"821 E Central Ave Monrovia, CA 91016",(626) 303-1000
13,2013,INFINITI G37 4X2 JOURNEY,24095,JN1CV6AP7DM723889,,,,,
,,,,,Bid,"$18,250 ",E TYPE MOTORS,NA,NA
,,,,,Bid,"$18,500 ",DONOHOO AUTO LLC,"8122 Helena Rd, Pelham, AL 35124, United States",205-444-9333
,,,,,Bid,"$21,750 ",AUTONATION INFINITI TUSTIN,"33 Auto Center Dr Tustin, CA 92782",(714) 627-5556
,,,,,Bid,"$22,000 ",AUSTIN INFINITI INC,"8140 Burnet Rd Austin, TX 78757",(512) 220-0920
,,,,,SOLD,"$22,000 ",AUSTIN INFINITI INC,"8140 Burnet Rd Austin, TX 78757",(512) 220-0920
14,2013,INFINITI JX35 FWD,19918,5N1AL0MN1DC313317,,,,,
,,,,,Bid,"$29,500 ",COULTER INFINITI,"6225 E Test Dr, Mesa, AZ 85206, United States",480-396-1500
,,,,,Bid,"$29,250 ",AUTONATION INFINITI TUSTIN,"33 Auto Center Dr Tustin, CA 92782",(714) 627-5556
,,,,,Bid,"$30,000 ",AUTOFLEX LEASING,"558 South Central Expressway, Richardson, Texas 75080",972-234-1234
,,,,,SOLD,"$30,000 ",AUTOFLEX LEASING,"558 South Central Expressway, Richardson, Texas 75080",972-234-1234
15,2014,INFINITI Q50 4X2 V6,19932,JN1BV7AP0EM680872,,,,,
,,,,,Bid,"$22,000 ",AUTONATION ACURA STEVENS CREEK,"4747 Stevens Creek Boulevard, Santa Clara, CA 95051, United States",408-758-5502
,,,,,Bid,"$22,500 ",AUTOFLEX LEASING,"558 South Central Expressway, Richardson, Texas 75080",972-234-1234
,,,,,Bid,"$22,750 ",AUTONATION INFINITI TUSTIN,"33 Auto Center Dr Tustin, CA 92782",(714) 627-5556
,,,,,SOLD,"$22,750 ",AUTONATION INFINITI TUSTIN,"33 Auto Center Dr Tustin, CA 92782",(714) 627-5556
16,2013,INFINITI G37 4X2 JOURNEY,31561,JN1CV6AP3DM726594,,,,,
,,,,,Bid,"$18,500 ",AUTONATION ACURA STEVENS CREEK,"4747 Stevens Creek Boulevard, Santa Clara, CA 95051, United States",408-758-5502
,,,,,Bid,"$19,500 ",AUSTIN INFINITI INC,"8140 Burnet Rd Austin, TX 78757",(512) 220-0920
,,,,,SOLD,"$19,500 ",AUSTIN INFINITI INC,"8140 Burnet Rd Austin, TX 78757",(512) 220-0920
17,2012,INFINITI QX56 4X2 8,38933,JN8AZ2NDXC9716281,,,,,
,,,,,SOLD,"$37,000 ",BUICK GMC OF VACAVILLE,"350 Orange Drive Vacaville, CA 95687",(707) 469-3925
18,2014,INFINITI Q50 4X2 V6,17961,JN1BV7AP7EM673675,,,,,
,,,,,Bid,"$23,500 ",AUTOFLEX LEASING,"558 South Central Expressway, Richardson, Texas 75080",972-234-1234
,,,,,SOLD,"$23,500 ",AUTOFLEX LEASING,"558 South Central Expressway, Richardson, Texas 75080",972-234-1234
19,2013,INFINITI G37 4X2 JOURNEY,30049,JN1CV6AP2DM719927,,,,,
,,,,,Bid,"$18,000 ",AUTONATION ACURA STEVENS CREEK,"4747 Stevens Creek Boulevard, Santa Clara, CA 95051, United States",408-758-5502
,,,,,Bid,"$20,500 ",AUSTIN INFINITI INC,"8140 Burnet Rd Austin, TX 78757",(512) 220-0920
,,,,,Bid,"$20,250 ",AUTONATION INFINITI TUSTIN,"33 Auto Center Dr Tustin, CA 92782",(714) 627-5556
,,,,,SOLD,"$20,500 ",AUSTIN INFINITI INC,"8140 Burnet Rd Austin, TX 78757",(512) 220-0920
20,2014,INFINITI Q50 4X2 V6,14468,JN1BV7AP9EM675394,,,,,
,,,,,Bid,"$21,250 ",AUTOFLEX LEASING,"558 South Central Expressway, Richardson, Texas 75080",972-234-1234
,,,,,SOLD,"$21,250 ",AUTOFLEX LEASING,"558 South Central Expressway, Richardson, Texas 75080",972-234-1234
21,2013,INFINITI G37 4X2 JOURNEY,9612,JN1CV6AP6DM723737,,,,,
,,,,,Bid,"$22,750 ",AUTONATION INFINITI TUSTIN,"33 Auto Center Dr Tustin, CA 92782",(714) 627-5556
,,,,,Bid,"$22,500 ",INFINITI OF THOUSAND OAKS,"3570 Thousand Oaks Blvd THOUSAND OAKS, CA 91362",(805) 494-1200
,,,,,Bid,"$22,250 ",AUSTIN INFINITI INC,"8140 Burnet Rd Austin, TX 78757",(512) 220-0920
,,,,,SOLD,"$22,750 ",AUTONATION INFINITI TUSTIN,"33 Auto Center Dr Tustin, CA 92782",(714) 627-5556
22,2013,INFINITI JX35 FWD,26420,5N1AL0MN8DC317736,,,,,
,,,,,SOLD,"$27,500 ",VALLEJO NISSAN INC,"3287 Sonoma Blvd, Vallejo, CA 94590, United States",707-643-8291
23,2014,INFINITI Q50 AWD V6,19246,JN1BV7AR8EM690986,,,,,
,,,,,Bid,"$22,750 ",AUTONATION ACURA STEVENS CREEK,"4747 Stevens Creek Boulevard, Santa Clara, CA 95051, United States",408-758-5502
,,,,,Bid,"$22,250 ",GLENDALE INFINITI,"812 S Brand Blvd, Glendale, CA 91204, United States",818-201-2637
,,,,,SOLD,"$22,750 ",AUTONATION ACURA STEVENS CREEK,"4747 Stevens Creek Boulevard, Santa Clara, CA 95051, United States",408-758-5502
24,2013,INFINITI G37 4X2 JOURNEY,59502,JN1CV6EK9DM920772,,,,,
,,,,,SOLD,"$22,000 ",NISSAN OF SACRAMENTO,"2820 Auburn Blvd Sacramento, CA 95821",(888) 642-9234
25,2015,INFINITI QX60 FWD V6,8581,5N1AL0MN8FC505322,,,,,
,,,,,Bid,"$34,000 ",AUSTIN INFINITI INC,"8140 Burnet Rd Austin, TX 78757",(512) 220-0920
,,,,,SOLD,"$34,000 ",AUSTIN INFINITI INC,"8140 Burnet Rd Austin, TX 78757",(512) 220-0920
26,2013,INFINITI M37 4X2,37514,JN1BY1AP4DM512963,,,,,
,,,,,Bid,"$26,500 ",DONOHOO AUTO LLC,"8122 Helena Rd, Pelham, AL 35124, United States",205-444-9333
,,,,,SOLD,"$26,750 ",INFINITI OF VAN NUYS,"5455 Van Nuys Blvd Van Nuys, CA 91401",(866) 554-4870
27,2014,INFINITI Q50 4X2 V6,19717,JN1BV7AP4EM670863,,,,,
,,,,,Bid,"$20,500 ",AUTONATION ACURA STEVENS CREEK,"4747 Stevens Creek Boulevard, Santa Clara, CA 95051, United States",408-758-5502
,,,,,SOLD,"$20,500 ",AUTONATION ACURA STEVENS CREEK,"4747 Stevens Creek Boulevard, Santa Clara, CA 95051, United States",408-758-5502
28,2013,INFINITI G37 4X2 JOURNEY,16627,JN1CV6AP6DM717307,,,,,
,,,,,Bid,"$22,250 ",AUTONATION INFINITI TUSTIN,"33 Auto Center Dr Tustin, CA 92782",(714) 627-5556
,,,,,SOLD,"$22,250 ",AUTONATION INFINITI TUSTIN,"33 Auto Center Dr Tustin, CA 92782",(714) 627-5556
29,2014,INFINITI Q50 4X2 V6,18303,JN1BV7AP2EM673681,,,,,
,,,,,Bid,"$20,250 ",AUTOFLEX LEASING,"558 South Central Expressway, Richardson, Texas 75080",972-234-1234
,,,,,SOLD,"$20,250 ",AUTOFLEX LEASING,"558 South Central Expressway, Richardson, Texas 75080",972-234-1234
30,2013,INFINITI G37 4X2 JOURNEY,20922,JN1CV6APXDM712031,,,,,
,,,,,Bid,"$21,250 ",INFINITI OF THOUSAND OAKS,"3570 Thousand Oaks Blvd THOUSAND OAKS, CA 91362",(805) 494-1200
,,,,,Bid,"$21,750 ",AUTONATION ACURA STEVENS CREEK,"4747 Stevens Creek Boulevard, Santa Clara, CA 95051, United States",408-758-5502
,,,,,Bid,"$20,250 ",GLENDALE INFINITI,"812 S Brand Blvd, Glendale, CA 91204, United States",818-201-2637
,,,,,Bid,"$21,500 ",MERCEDES BENZ OF FORT ...,"2411 S Federal Hwy, Fort Lauderdale, FL 33316, United States",954-949-0623
,,,,,Bid,"$22,000 ",AUTONATION INFINITI TUSTIN,"33 Auto Center Dr Tustin, CA 92782",(714) 627-5556
,,,,,SOLD,"$22,000 ",AUTONATION INFINITI TUSTIN,"33 Auto Center Dr Tustin, CA 92782",(714) 627-5556
31,2013,INFINITI JX35 FWD,43740,5N1AL0MN7DC303360,,,,,
,,,,,Bid,"$27,000 ",AUTONATION ACURA STEVENS CREEK,"4747 Stevens Creek Boulevard, Santa Clara, CA 95051, United States",408-758-5502
,,,,,SOLD,"$27,000 ",AUTONATION ACURA STEVENS CREEK,"4747 Stevens Creek Boulevard, Santa Clara, CA 95051, United States",408-758-5502
32,2014,INFINITI Q50 4X2 V6 PREMIUM,20034,JN1BV7AP9EM673418,,,,,
,,,,,Bid,"$25,000 ",DONOHOO AUTO LLC,"8122 Helena Rd, Pelham, AL 35124, United States",205-444-9333
,,,,,SOLD,"$25,250 ",INFINITI OF VAN NUYS,"5455 Van Nuys Blvd Van Nuys, CA 91401",(866) 554-4870
33,2013,INFINITI G37 4X2 IPL,48794,JN1CV6EK0DM900006,,,,,
,,,,,Bid,"$22,500 ",INFINITI OF OAKLAND,"2801 Broadway, Oakland, CA 94611, United States",855-314-9838
,,,,,Bid,"$26,500 ",TOP TIER MOTORCARS,"3732 Stevens Creek, San Jose, CA 95117",866-475-6436
,,,,,SOLD,"$26,500 ",TOP TIER MOTORCARS,"3732 Stevens Creek, San Jose, CA 95117",866-475-6436
34,2013,INFINITI G37 4X2 JOURNEY,13562,JN1CV6AP7DM710933,,,,,
,,,,,Bid,"$21,000 ",AUTONATION ACURA STEVENS CREEK,"4747 Stevens Creek Boulevard, Santa Clara, CA 95051, United States",408-758-5502
,,,,,Bid,"$20,500 ",AUTONATION INFINITI TUSTIN,"33 Auto Center Dr Tustin, CA 92782",(714) 627-5556
,,,,,SOLD,"$21,000 ",AUTONATION ACURA STEVENS CREEK,"4747 Stevens Creek Boulevard, Santa Clara, CA 95051, United States",408-758-5502
35,2013,INFINITI FX37 AWD,53701,JN8CS1MW2DM171704,,,,,
,,,,,Bid,"$26,750 ",CHUCK OLSON KIA,"17001 Aurora Ave N Shoreline, WA 98133",(800) 599-8489
,,,,,Bid,"$27,000 ",GLENDALE INFINITI,"812 S Brand Blvd, Glendale, CA 91204, United States",818-201-2637
,,,,,SOLD,"$27,000 ",GLENDALE INFINITI,"812 S Brand Blvd, Glendale, CA 91204, United States",818-201-2637
36,2014,INFINITI Q50 4X2 V6,14982,JN1BV7AP0EM685375,,,,,
,,,,,SOLD,"$20,500 ",BUICK GMC OF VACAVILLE,"350 Orange Drive Vacaville, CA 95687",(707) 469-3925
37,2012,INFINITI G37 4X2 JOURNEY,34992,JN1CV6AP1CM625505,,,,,
,,,,,Bid,"$19,750 ",CARSMITH MOTORS,"48995 Milmont Dr Fremont, CA 94538",(510) 770-9790
,,,,,Bid,"$19,000 ",EUROPEAN MOTORS GROUP,"1485 E Walnut St, Pasadena, CA 91106, United States",626-568-3876
,,,,,SOLD,"$19,750 ",CARSMITH MOTORS,"48995 Milmont Dr Fremont, CA 94538",(510) 770-9790
38,2013,INFINITI JX35 FWD,38879,5N1AL0MN6DC315208,,,,,
,,,,,Bid,"$28,750 ",AUTOFLEX LEASING,"558 South Central Expressway, Richardson, Texas 75080",972-234-1234
,,,,,Bid,"$27,000 ",COULTER INFINITI,"6225 E Test Dr, Mesa, AZ 85206, United States",480-396-1500
,,,,,Bid,"$27,750 ",GLOBAL MOTOR SPORTS INC,"5212 Harding Pike Nashville, TN 37205",615-353-9333
,,,,,SOLD,"$29,000 ",CERRITOS INFINITI INC,"11011 East South Street Cerritos, CA 90703",(562) 219-2500
39,2012,INFINITI G37 4X2 JOURNEY,53172,JN1CV6AP5CM933860,,,,,
,,,,,Bid,"$17,000 ","AUSTIN EAUTOS, INC.","16809 Calply Dr Round Rock, TX 78664",(512) 252-1777
,,,,,Bid,"$17,750 ",GLENDALE INFINITI,"812 S Brand Blvd, Glendale, CA 91204, United States",818-201-2637
,,,,,SOLD,"$17,750 ",GLENDALE INFINITI,"812 S Brand Blvd, Glendale, CA 91204, United States",818-201-2637
40,2014,INFINITI Q50 4X2 V6,20531,JN1BV7APXEM682631,,,,,
,,,,,Bid,"$24,000 ",AUTOFLEX LEASING,"558 South Central Expressway, Richardson, Texas 75080",972-234-1234
,,,,,SOLD,"$24,500 ",ORANGE COAST INFINITI,"15550 Beach Blvd Westminster, CA 92683",(877) 908-8811
41,2013,INFINITI G37 4X2 JOURNEY,8791,JN1CV6AP9DM724400,,,,,
,,,,,Bid,"$18,750 ",GLENDALE INFINITI,"812 S Brand Blvd, Glendale, CA 91204, United States",818-201-2637
,,,,,Bid,"$19,250 ",A & M MOTORCARS,407 W 6 Dr MesaMaricopaAZ85210-2313,(480) 834 7813
,,,,,Bid,"$21,250 ",AUTONATION INFINITI TUSTIN,"33 Auto Center Dr Tustin, CA 92782",(714) 627-5556
,,,,,SOLD,"$21,250 ",AUTONATION INFINITI TUSTIN,"33 Auto Center Dr Tustin, CA 92782",(714) 627-5556
42,2013,INFINITI G37 4X2 JOURNEY,19850,JN1CV6AP5DM712454,,,,,
,,,,,Bid,"$22,250 ",CARSMITH MOTORS,"48995 Milmont Dr Fremont, CA 94538",(510) 770-9790
,,,,,Bid,"$24,000 ",INFINITI OF OAKLAND,"2801 Broadway, Oakland, CA 94611, United States",855-314-9838
,,,,,Bid,"$23,250 ",INFINITI OF THOUSAND OAKS,"3570 Thousand Oaks Blvd THOUSAND OAKS, CA 91362",(805) 494-1200
,,,,,SOLD,"$24,250 ",INFINITI OF VAN NUYS,"5455 Van Nuys Blvd Van Nuys, CA 91401",(866) 554-4870
43,2013,INFINITI M37 4X2,28044,JN1BY1AP5DM511272,,,,,
,,,,,Bid,"$26,500 ",INFINITI OF THOUSAND OAKS,"3570 Thousand Oaks Blvd THOUSAND OAKS, CA 91362",(805) 494-1200
,,,,,Bid,"$26,250 ",HOEHN INFINITI,"5245 Car Country Dr Carlsbad, CA 92008",(760) 431-3100
,,,,,SOLD,"$26,500 ",INFINITI OF THOUSAND OAKS,"3570 Thousand Oaks Blvd THOUSAND OAKS, CA 91362",(805) 494-1200
44,2014,INFINITI Q50 4X2 V6,18991,JN1BV7AP3EM682809,,,,,
,,,,,Bid,"$23,000 ","AUSTIN EAUTOS, INC.","16809 Calply Dr Round Rock, TX 78664",(512) 252-1777
,,,,,Bid,"$23,250 ",DRIVERSSELECT,"13615 N Central Expy, Dallas, TX 75243, United States",+1 214-593-1010
,,,,,SOLD,"$23,250 ",DRIVERSSELECT,"13615 N Central Expy, Dallas, TX 75243, United States",+1 214-593-1010
45,2013,INFINITI JX35 AWD,33647,5N1AL0MM5DC316177,,,,,
,,,,,Bid,"$30,250 ",CARSMITH MOTORS,"48995 Milmont Dr Fremont, CA 94538",(510) 770-9790
,,,,,Bid,"$30,500 ",INFINITI OF OAKLAND,"2801 Broadway, Oakland, CA 94611, United States",855-314-9838
,,,,,SOLD,"$30,750 ",INFINITI OF BEVERLY HILLS,"8825 Wilshire Blvd, Beverly Hills, CA 90211, United States",844-411-0560
46,2014,INFINITI Q70 4X2 V6,17021,JN1BY1AP4EM260018,,,,,
,,,,,Bid,"$27,250 ",AUTONATION INFINITI TUSTIN,"33 Auto Center Dr Tustin, CA 92782",(714) 627-5556
,,,,,SOLD,"$27,250 ",AUTONATION INFINITI TUSTIN,"33 Auto Center Dr Tustin, CA 92782",(714) 627-5556
47,2013,INFINITI G37 4X2 JOURNEY,40444,JN1CV6AP2DM716994,,,,,
,,,,,SOLD,"$16,750 ",NISSAN OF YUBA CITY,"1340 Bridge St, Yuba City, CA 95993, United States",530-639-5050
48,2014,INFINITI Q50 4X2 V6 PREMIUM,19296,JN1AV7AP9EM690909,,,,,
,,,,,Bid,"$26,250 ",AUTONATION ACURA STEVENS CREEK,"4747 Stevens Creek Boulevard, Santa Clara, CA 95051, United States",408-758-5502
,,,,,Bid,"$25,500 ",COULTER INFINITI,"6225 E Test Dr, Mesa, AZ 85206, United States",480-396-1500
,,,,,SOLD,"$26,250 ",AUTONATION ACURA STEVENS CREEK,"4747 Stevens Creek Boulevard, Santa Clara, CA 95051, United States",408-758-5502
49,2013,INFINITI G37 4X2 JOURNEY,25557,JN1CV6AP2DM724268,,,,,
,,,,,SOLD,"$19,750 ",CARMAX # 7129,"6100 Auto Center Dr Buena Park, CA 90621",(714) 523-2667
50,2014,INFINITI Q50 4X2 V6,38496,JN1BV7AP5EM688904,,,,,
,,,,,Bid,"$21,750 ",AUTONATION INFINITI TUSTIN,"33 Auto Center Dr Tustin, CA 92782",(714) 627-5556
,,,,,Bid,"$21,500 ",COULTER INFINITI,"6225 E Test Dr, Mesa, AZ 85206, United States",480-396-1500
,,,,,SOLD,"$21,750 ",AUTONATION INFINITI TUSTIN,"33 Auto Center Dr Tustin, CA 92782",(714) 627-5556
51,2012,INFINITI G37 4X2 JOURNEY,15201,JN1CV6AP4CM931436,,,,,
,,,,,Bid,"$17,500 ",GLENDALE INFINITI,"812 S Brand Blvd, Glendale, CA 91204, United States",818-201-2637
,,,,,Bid,"$17,250 ",DONOHOO AUTO LLC,"8122 Helena Rd, Pelham, AL 35124, United States",205-444-9333
,,,,,Bid,"$17,750 ",CREST INFINITI,"2501 N Central Expy Plano, TX 75075",(469) 808-1880
,,,,,SOLD,"$17,750 ",CREST INFINITI,"2501 N Central Expy Plano, TX 75075",(469) 808-1880
52,2013,INFINITI JX35 AWD,34538,5N1AL0MMXDC334349,,,,,
,,,,,Bid,"$26,250 ",CARSMITH MOTORS,"48995 Milmont Dr Fremont, CA 94538",(510) 770-9790
,,,,,SOLD,"$26,500 ",CARMAX # 7129,"6100 Auto Center Dr Buena Park, CA 90621",(714) 523-2667
53,2015,INFINITI Q60 4X2,22449,JN1CV6FE7FM810623,,,,,
,,,,,Bid,"$32,500 ",INFINITI OF GWINNETT,"3090 Satellite Blvd Duluth, GA 30096",(678) 534-7471
,,,,,SOLD,"$32,500 ",INFINITI OF GWINNETT,"3090 Satellite Blvd Duluth, GA 30096",(678) 534-7471
54,2013,INFINITI G37 4X2 JOURNEY,22765,JN1CV6AP7DM724394,,,,,
,,,,,Bid,"$20,750 ",INFINITI OF OAKLAND,"2801 Broadway, Oakland, CA 94611, United States",855-314-9838
,,,,,Bid,"$21,000 ","AUSTIN EAUTOS, INC.","16809 Calply Dr Round Rock, TX 78664",(512) 252-1777
,,,,,SOLD,"$21,000 ","AUSTIN EAUTOS, INC.","16809 Calply Dr Round Rock, TX 78664",(512) 252-1777
55,2014,INFINITI Q50 4X2 V6,29427,JN1BV7AP0EM678944,,,,,
,,,,,Bid,"$18,750 ",E TYPE MOTORS,NA,NA
,,,,,Bid,"$20,250 ",COULTER INFINITI,"6225 E Test Dr, Mesa, AZ 85206, United States",480-396-1500
,,,,,SOLD,"$20,250 ",COULTER INFINITI,"6225 E Test Dr, Mesa, AZ 85206, United States",480-396-1500
56,2013,INFINITI G37 4X2 JOURNEY,42512,JN1CV6AP5DM302947,,,,,
,,,,,Bid,"$17,750 ",AUTONATION ACURA STEVENS CREEK,"4747 Stevens Creek Boulevard, Santa Clara, CA 95051, United States",408-758-5502
,,,,,SOLD,"$17,750 ",AUTONATION ACURA STEVENS CREEK,"4747 Stevens Creek Boulevard, Santa Clara, CA 95051, United States",408-758-5502
57,2013,INFINITI G37 AWD X,9206,JN1CV6AR8DM750620,,,,,
,,,,,Bid,"$23,500 ",MAC CHURCHILL ACURA,NA,NA
,,,,,Bid,"$23,250 ",CAMPBELL NELSON NISSAN INC,"24325 Hwy 99 Edmonds, WA 98026",(425) 774-2174
,,,,,SOLD,"$23,500 ",MAC CHURCHILL ACURA,NA,NA
58,2015,INFINITI Q50 4X2 V6,9735,JN1BV7AP3FM345767,,,,,
,,,,,Bid,"$25,750 ","AUSTIN EAUTOS, INC.","16809 Calply Dr Round Rock, TX 78664",(512) 252-1777
,,,,,SOLD,"$25,750 ","AUSTIN EAUTOS, INC.","16809 Calply Dr Round Rock, TX 78664",(512) 252-1777
59,2012,INFINITI FX35 4X2,37269,JN8AS1MU0CM122456,,,,,
,,,,,Bid,"$27,250 ",AUTONATION INFINITI SOUTH BAY,"3233 Pacific Coast Hwy Torrance, CA 90505",(424) 245-0985
,,,,,Bid,"$24,750 ",GLENDALE INFINITI,"812 S Brand Blvd, Glendale, CA 91204, United States",818-201-2637
,,,,,Bid,"$25,250 ",CREST INFINITI,"2501 N Central Expy Plano, TX 75075",(469) 808-1880
,,,,,SOLD,"$27,250 ",AUTONATION INFINITI SOUTH BAY,"3233 Pacific Coast Hwy Torrance, CA 90505",(424) 245-0985
60,2013,INFINITI G37 4X2 JOURNEY,23296,JN1CV6AP0DM721868,,,,,
,,,,,Bid,"$19,000 ",AUTONATION ACURA STEVENS CREEK,"4747 Stevens Creek Boulevard, Santa Clara, CA 95051, United States",408-758-5502
,,,,,Bid,"$19,250 ",CAMPBELL NELSON NISSAN INC,"24325 Hwy 99 Edmonds, WA 98026",(425) 774-2174
,,,,,SOLD,"$19,250 ",CAMPBELL NELSON NISSAN INC,"24325 Hwy 99 Edmonds, WA 98026",(425) 774-2174
61,2013,INFINITI JX35 FWD,28213,5N1AL0MN7DC321342,,,,,
,,,,,Bid,"$30,750 ",CARSMITH MOTORS,"48995 Milmont Dr Fremont, CA 94538",(510) 770-9790
,,,,,Bid,"$28,500 ",GLOBAL MOTOR SPORTS INC,"5212 Harding Pike Nashville, TN 37205",615-353-9333
,,,,,Bid,"$30,500 ",CREST INFINITI,"2501 N Central Expy Plano, TX 75075",(469) 808-1880
,,,,,SOLD,"$30,750 ",CARSMITH MOTORS,"48995 Milmont Dr Fremont, CA 94538",(510) 770-9790
62,2012,INFINITI EX35 4X2 JOURNEY,47551,JN1AJ0HP3CM401254,,,,,
,,,,,Bid,"$21,500 ",AUTONATION INFINITI SOUTH BAY,"3233 Pacific Coast Hwy Torrance, CA 90505",(424) 245-0985
,,,,,Bid,"$20,500 ",GLENDALE INFINITI,"812 S Brand Blvd, Glendale, CA 91204, United States",818-201-2637
,,,,,Bid,"$21,750 ",AUTONATION INFINITI TUSTIN,"33 Auto Center Dr Tustin, CA 92782",(714) 627-5556
,,,,,SOLD,"$23,000 ",METRO INFINITI INC,"821 E Central Ave Monrovia, CA 91016",(626) 303-1000
63,2015,INFINITI QX80 4X2,16344,JN8AZ2NF2F9570934,,,,,
,,,,,Bid,"$54,500 ","STARWOOD MOTORS, LLC","4641 Nall Rd, Dallas, TX 75244, United States",214-367-5400
,,,,,Bid,"$55,500 ",AUTOFLEX LEASING,"558 South Central Expressway, Richardson, Texas 75080",972-234-1234
,,,,,SOLD,"$56,000 ",SEWELL INFINITI OF FORT WORTH,"5135 Bryant Irvin Rd Fort Worth, TX 76132",(817) 370-8100
64,2013,INFINITI G37 4X2 JOURNEY,10927,JN1CV6AP6DM306800,,,,,
,,,,,Bid,"$19,750 ",INFINITI OF TUCSON,"625 W Auto Mall Dr, Tucson, AZ 85705, United States",520-690-1500
,,,,,Bid,"$20,250 ",CREST INFINITI,"2501 N Central Expy Plano, TX 75075",(469) 808-1880
,,,,,SOLD,"$20,250 ",CREST INFINITI,"2501 N Central Expy Plano, TX 75075",(469) 808-1880
65,2014,INFINITI Q50 4X2 V6,29543,JN1BV7AP9EM683351,,,,,
,,,,,Bid,"$23,750 ",AUTOFLEX LEASING,"558 South Central Expressway, Richardson, Texas 75080",972-234-1234
,,,,,Bid,"$23,500 ","AUSTIN EAUTOS, INC.","16809 Calply Dr Round Rock, TX 78664",(512) 252-1777
,,,,,SOLD,"$23,750 ",AUTOFLEX LEASING,"558 South Central Expressway, Richardson, Texas 75080",972-234-1234
66,2013,INFINITI JX35 FWD,46983,5N1AL0MN7DC309630,,,,,
,,,,,SOLD,"$26,250 ",METRO INFINITI INC,"821 E Central Ave Monrovia, CA 91016",(626) 303-1000
67,2014,INFINITI Q50 4X2 V6,7850,JN1BV7AP9EM678151,,,,,
,,,,,Bid,"$23,000 ",AUTONATION INFINITI TUSTIN,"33 Auto Center Dr Tustin, CA 92782",(714) 627-5556
,,,,,SOLD,"$23,000 ",AUTONATION INFINITI TUSTIN,"33 Auto Center Dr Tustin, CA 92782",(714) 627-5556
68,2013,INFINITI G37 4X2 JOURNEY,44051,JN1CV6AP3DM714316,,,,,
,,,,,SOLD,"$20,250 ",FRONTIER INFINITI,"4355 Stevens Creek Blvd Santa Clara, CA 95051",(408) 243-4355
69,2013,INFINITI G37 4X2 JOURNEY,24862,JN1CV6AP7DM713637,,,,,
,,,,,Bid,"$18,750 ",DONOHOO AUTO LLC,"8122 Helena Rd, Pelham, AL 35124, United States",205-444-9333
,,,,,Bid,"$19,000 ",INFINITI OF OAKLAND,"2801 Broadway, Oakland, CA 94611, United States",855-314-9838
,,,,,Bid,"$19,250 ",INFINITI OF TUCSON,"625 W Auto Mall Dr, Tucson, AZ 85705, United States",520-690-1500
,,,,,SOLD,"$19,250 ",INFINITI OF TUCSON,"625 W Auto Mall Dr, Tucson, AZ 85705, United States",520-690-1500
70,2014,INFINITI Q50 4X2 V6,29135,JN1BV7AP0EM681570,,,,,
,,,,,Bid,"$23,500 ",INFINITI OF THOUSAND OAKS,"3570 Thousand Oaks Blvd THOUSAND OAKS, CA 91362",(805) 494-1200
,,,,,Bid,"$21,750 ",GLENDALE INFINITI,"812 S Brand Blvd, Glendale, CA 91204, United States",818-201-2637
,,,,,Bid,"$23,750 ","AUSTIN EAUTOS, INC.","16809 Calply Dr Round Rock, TX 78664",(512) 252-1777
,,,,,Bid,"$22,250 ",ST CLAIRE CADILLAC/ ST CLAIRE OLDSMOBILE,"3737 Stevens Creek Blvd, Santa Clara, CA 95051, United States",844-283-1827
,,,,,SOLD,"$23,750 ","AUSTIN EAUTOS, INC.","16809 Calply Dr Round Rock, TX 78664",(512) 252-1777
71,2015,INFINITI Q40 4X2,21377,JN1CV6AP0FM502721,,,,,
,,,,,Bid,"$20,500 ",INFINITI OF GWINNETT,"3090 Satellite Blvd Duluth, GA 30096",(678) 534-7471
,,,,,SOLD,"$20,500 ",INFINITI OF GWINNETT,"3090 Satellite Blvd Duluth, GA 30096",(678) 534-7471
72,2013,INFINITI G37 4X2 JOURNEY,27458,JN1CV6AP1DM301360,,,,,
,,,,,Bid,"$18,500 ",A & M MOTORCARS,407 W 6 Dr MesaMaricopaAZ85210-2313,(480) 834 7813
,,,,,Bid,"$20,750 ",INFINITI OF OAKLAND,"2801 Broadway, Oakland, CA 94611, United States",855-314-9838
,,,,,Bid,"$19,500 ",GLENDALE INFINITI,"812 S Brand Blvd, Glendale, CA 91204, United States",818-201-2637
,,,,,SOLD,"$21,000 ",BMW OF SALEM,"1151 Van Ness Ave NE, Salem, OR 97301, United States",503-400-6227
73,2014,INFINITI Q50 4X2 V6,6341,JN1BV7APXEM676442,,,,,
,,,,,SOLD,"$24,500 ",METRO INFINITI INC,"821 E Central Ave Monrovia, CA 91016",(626) 303-1000
74,2013,INFINITI JX35 AWD,36227,5N1AL0MM6DC348474,,,,,
,,,,,Bid,"$28,250 ",INFINITI OF OAKLAND,"2801 Broadway, Oakland, CA 94611, United States",855-314-9838
,,,,,Bid,"$28,500 ",CARSMITH MOTORS,"48995 Milmont Dr Fremont, CA 94538",(510) 770-9790
,,,,,SOLD,"$28,500 ",CARSMITH MOTORS,"48995 Milmont Dr Fremont, CA 94538",(510) 770-9790
75,2013,INFINITI G37 4X2 JOURNEY,32099,JN1CV6AP4DM300137,,,,,
,,,,,Bid,"$18,500 ",A & M MOTORCARS,407 W 6 Dr MesaMaricopaAZ85210-2313,(480) 834 7813
,,,,,Bid,"$17,750 ",620 MOTORSPORTS,NA,NA
,,,,,Bid,"$18,750 ",COULTER INFINITI,"6225 E Test Dr, Mesa, AZ 85206, United States",480-396-1500
,,,,,SOLD,"$18,750 ",COULTER INFINITI,"6225 E Test Dr, Mesa, AZ 85206, United States",480-396-1500
76,2014,INFINITI Q50 AWD V6,24906,JN1BV7AR5EM681243,,,,,
,,,,,Bid,"$23,750 ",TIM DAHLE INFINITI,"4594 S State St Salt Lake City, UT 84107",(801) 262-5500
,,,,,SOLD,"$23,750 ",TIM DAHLE INFINITI,"4594 S State St Salt Lake City, UT 84107",(801) 262-5500
77,2013,INFINITI G37 4X2 JOURNEY,28679,JN1CV6AP1DM719241,,,,,
,,,,,Bid,"$16,000 ",GLENDALE INFINITI,"812 S Brand Blvd, Glendale, CA 91204, United States",818-201-2637
,,,,,Bid,"$17,500 ",DONOHOO AUTO LLC,"8122 Helena Rd, Pelham, AL 35124, United States",205-444-9333
,,,,,SOLD,"$17,750 ",CARMAX # 7129,"6100 Auto Center Dr Buena Park, CA 90621",(714) 523-2667
78,2013,INFINITI M35H,39769,JN1EY1AP9DM650057,,,,,
,,,,,SOLD,"$24,250 ",INFINITI OF VAN NUYS,"5455 Van Nuys Blvd Van Nuys, CA 91401",(866) 554-4870
79,2014,INFINITI Q50 4X2 V6,26433,JN1BV7AP1EM672893,,,,,
,,,,,Bid,"$23,750 ",ST CLAIRE CADILLAC/ ST CLAIRE OLDSMOBILE,"3737 Stevens Creek Blvd, Santa Clara, CA 95051, United States",844-283-1827
,,,,,Bid,"$23,500 ",SC CAR ZONE,"2901 Harbor Blvd Costa Mesa, CA 92626",(866) 656-7198
,,,,,Bid,"$24,000 ",INFINITI OF THOUSAND OAKS,"3570 Thousand Oaks Blvd THOUSAND OAKS, CA 91362",(805) 494-1200
,,,,,SOLD,"$24,250 ",METRO INFINITI INC,"821 E Central Ave Monrovia, CA 91016",(626) 303-1000
80,2013,INFINITI G37 4X2 JOURNEY,19102,JN1CV6AP2DM725954,,,,,
,,,,,Bid,"$19,250 ","AUSTIN EAUTOS, INC.","16809 Calply Dr Round Rock, TX 78664",(512) 252-1777
,,,,,SOLD,"$19,250 ","AUSTIN EAUTOS, INC.","16809 Calply Dr Round Rock, TX 78664",(512) 252-1777
81,2013,INFINITI JX35 AWD,12368,5N1AL0MM6DC312882,,,,,
,,,,,Bid,"$31,750 ",INFINITI OF OAKLAND,"2801 Broadway, Oakland, CA 94611, United States",855-314-9838
,,,,,SOLD,"$32,000 ",CARMAX # 7129,"6100 Auto Center Dr Buena Park, CA 90621",(714) 523-2667
82,2014,INFINITI Q50 4X2 V6 PREMIUM,23892,JN1BV7AP8EM691313,,,,,
,,,,,SOLD,"$22,750 ",METRO INFINITI INC,"821 E Central Ave Monrovia, CA 91016",(626) 303-1000
83,2013,INFINITI FX50 AWD,56471,JN8BS1MW8DM100082,,,,,
,,,,,Bid,"$36,500 ",TIM DAHLE INFINITI,"4594 S State St Salt Lake City, UT 84107",(801) 262-5500
,,,,,Bid,"$33,000 ",CREST INFINITI,"2501 N Central Expy Plano, TX 75075",(469) 808-1880
,,,,,Bid,"$31,000 ",GLENDALE INFINITI,"812 S Brand Blvd, Glendale, CA 91204, United States",818-201-2637
,,,,,Bid,"$32,000 ",AUTONATION INFINITI SOUTH BAY,"3233 Pacific Coast Hwy Torrance, CA 90505",(424) 245-0985
,,,,,Bid,"$34,000 ",BESHOFF INFINITI,"2198 Tully Rd San Jose, CA 95122",(888) 313-8049
,,,,,SOLD,"$36,500 ",TIM DAHLE INFINITI,"4594 S State St Salt Lake City, UT 84107",(801) 262-5500
84,2013,INFINITI G37 4X2 IPL,39702,JN1CV6FE2DM230029,,,,,
,,,,,SOLD,"$27,750 ",CARMAX # 7129,"6100 Auto Center Dr Buena Park, CA 90621",(714) 523-2667
85,2014,INFINITI Q50 4X2 V6,18588,JN1BV7APXEM672648,,,,,
,,,,,Bid,"$23,250 ",SC CAR ZONE,"2901 Harbor Blvd Costa Mesa, CA 92626",(866) 656-7198
,,,,,Bid,"$23,750 ","AUSTIN EAUTOS, INC.","16809 Calply Dr Round Rock, TX 78664",(512) 252-1777
,,,,,Bid,"$25,000 ",AUTOFLEX LEASING,"558 South Central Expressway, Richardson, Texas 75080",972-234-1234
,,,,,Bid,"$24,750 ",CREST INFINITI,"2501 N Central Expy Plano, TX 75075",(469) 808-1880
,,,,,SOLD,"$25,000 ",AUTOFLEX LEASING,"558 South Central Expressway, Richardson, Texas 75080",972-234-1234
86,2013,INFINITI G37 4X2 JOURNEY,17032,JN1CV6AP1DM725007,,,,,
,,,,,Bid,"$19,000 ",JERSEY AUTO,"5639 N Jersey Ave Chicago, IL 60659",(773) 588-2855
,,,,,Bid,"$18,750 ",A & M MOTORCARS,407 W 6 Dr MesaMaricopaAZ85210-2313,(480) 834 7813
,,,,,Bid,"$19,750 ",CAMPBELL NELSON NISSAN INC,"24325 Hwy 99 Edmonds, WA 98026",(425) 774-2174
,,,,,SOLD,"$19,750 ",CAMPBELL NELSON NISSAN INC,"24325 Hwy 99 Edmonds, WA 98026",(425) 774-2174
87,2013,INFINITI JX35 FWD,30551,5N1AL0MN9DC313842,,,,,
,,,,,Bid,"$26,750 ",AUTOFLEX LEASING,"558 South Central Expressway, Richardson, Texas 75080",972-234-1234
,,,,,SOLD,"$28,250 ",METRO INFINITI INC,"821 E Central Ave Monrovia, CA 91016",(626) 303-1000
88,2013,INFINITI G37 4X2 JOURNEY,44948,JN1CV6AP9DM300036,,,,,
,,,,,Bid,"$19,250 ",INFINITI OF THOUSAND OAKS,"3570 Thousand Oaks Blvd THOUSAND OAKS, CA 91362",(805) 494-1200
,,,,,SOLD,"$19,250 ",INFINITI OF THOUSAND OAKS,"3570 Thousand Oaks Blvd THOUSAND OAKS, CA 91362",(805) 494-1200
89,2014,INFINITI Q50 4X2 V6,14700,JN1BV7AP9EM685584,,,,,
,,,,,Bid,"$22,000 ",GLENDALE INFINITI,"812 S Brand Blvd, Glendale, CA 91204, United States",818-201-2637
,,,,,SOLD,"$22,000 ",GLENDALE INFINITI,"812 S Brand Blvd, Glendale, CA 91204, United States",818-201-2637
90,2013,INFINITI G37 4X2 JOURNEY,17570,JN1CV6AP3DM304387,,,,,
,,,,,Bid,"$18,250 ",JERSEY AUTO,"5639 N Jersey Ave Chicago, IL 60659",(773) 588-2855
,,,,,Bid,"$18,750 ",DONOHOO AUTO LLC,"8122 Helena Rd, Pelham, AL 35124, United States",205-444-9333
,,,,,SOLD,"$19,000 ",CARMAX # 7129,"6100 Auto Center Dr Buena Park, CA 90621",(714) 523-2667
91,2013,INFINITI M37 4X2,43341,JN1BY1AP2DM510953,,,,,
,,,,,Bid,"$22,750 ",SOUTHWEST AUTO CENTER INC,"9848 Southwest Fwy, Houston, TX 77074, United States",713-777-5403
,,,,,Bid,"$23,500 ",HOEHN INFINITI,"5245 Car Country Dr Carlsbad, CA 92008",(760) 431-3100
,,,,,Bid,"$24,500 ",ALM MALL OF GEORGIA,"4228 Buford Drive, Buford, GA 30518",888-800-1281
,,,,,Bid,"$24,000 ",CREST INFINITI,"2501 N Central Expy Plano, TX 75075",(469) 808-1880
,,,,,SOLD,"$24,750 ",METRO INFINITI INC,"821 E Central Ave Monrovia, CA 91016",(626) 303-1000
92,2014,INFINITI Q50 4X2 V6,21302,JN1BV7AP1EM682341,,,,,
,,,,,Bid,"$23,250 ",INFINITI OF THOUSAND OAKS,"3570 Thousand Oaks Blvd THOUSAND OAKS, CA 91362",(805) 494-1200
,,,,,SOLD,"$23,250 ",INFINITI OF THOUSAND OAKS,"3570 Thousand Oaks Blvd THOUSAND OAKS, CA 91362",(805) 494-1200
93,2013,INFINITI JX35 AWD,51496,5N1AL0MM0DC335364,,,,,
,,,,,Bid,"$26,000 ",INFINITI OF OAKLAND,"2801 Broadway, Oakland, CA 94611, United States",855-314-9838
,,,,,Bid,"$26,250 ",GLENDALE INFINITI,"812 S Brand Blvd, Glendale, CA 91204, United States",818-201-2637
,,,,,SOLD,"$26,500 ",METRO INFINITI INC,"821 E Central Ave Monrovia, CA 91016",(626) 303-1000
94,2014,INFINITI Q50 4X2 V6,20343,JN1BV7AP6EM681315,,,,,
,,,,,Bid,"$24,000 ","AUSTIN EAUTOS, INC.","16809 Calply Dr Round Rock, TX 78664",(512) 252-1777
,,,,,SOLD,"$24,250 ",INFINITI OF MISSION VIEJO,"28471 Marguerite Pkwy Mission Viejo, CA 92692",(949) 916-4200
95,2013,INFINITI G37 4X2 JOURNEY,19138,JN1CV6AP2DM304977,,,,,
,,,,,Bid,"$18,750 ",GLENDALE INFINITI,"812 S Brand Blvd, Glendale, CA 91204, United States",818-201-2637
,,,,,SOLD,"$19,000 ",VALLEJO NISSAN INC,"3287 Sonoma Blvd, Vallejo, CA 94590, United States",707-643-8291
96,2013,INFINITI G37 4X2 JOURNEY,30103,JN1CV6EK3DM921352,,,,,
,,,,,SOLD,"$21,250 ",CERRITOS INFINITI INC,"11011 East South Street Cerritos, CA 90703",(562) 219-2500
97,2012,INFINITI G25 4X2 JOURNEY,43270,JN1DV6AP6CM812937,,,,,
,,,,,Bid,"$15,500 ",GLENDALE INFINITI,"812 S Brand Blvd, Glendale, CA 91204, United States",818-201-2637
,,,,,Bid,"$16,250 ",AUTONATION INFINITI SOUTH BAY,"3233 Pacific Coast Hwy Torrance, CA 90505",(424) 245-0985
,,,,,Bid,"$16,000 ","AUSTIN EAUTOS, INC.","16809 Calply Dr Round Rock, TX 78664",(512) 252-1777
,,,,,SOLD,"$16,250 ",AUTONATION INFINITI SOUTH BAY,"3233 Pacific Coast Hwy Torrance, CA 90505",(424) 245-0985
98,2012,INFINITI QX56 4X2 8-PASS,41791,JN8AZ2ND4C9716390,,,,,
,,,,,Bid,"$36,000 ",ALM MALL OF GEORGIA,"4228 Buford Drive, Buford, GA 30518",888-800-1281
99,2014,INFINITI Q50 4X2 V6 PREMIUM,6579,JN1BV7APXEM690339,,,,,
,,,,,Bid,"$23,750 ",SC CAR ZONE,"2901 Harbor Blvd Costa Mesa, CA 92626",(866) 656-7198
,,,,,Bid,"$26,500 ",CREST INFINITI,"2501 N Central Expy Plano, TX 75075",(469) 808-1880
,,,,,Bid,"$24,000 ",INFINITI OF THOUSAND OAKS,"3570 Thousand Oaks Blvd THOUSAND OAKS, CA 91362",(805) 494-1200
,,,,,Bid,"$25,750 ",DRIVERSSELECT,"13615 N Central Expy, Dallas, TX 75243, United States",+1 214-593-1010
,,,,,Bid,"$25,500 ","AUSTIN EAUTOS, INC.","16809 Calply Dr Round Rock, TX 78664",(512) 252-1777
,,,,,SOLD,"$26,750 ",SEWELL INFINITI OF FORT WORTH,"5135 Bryant Irvin Rd Fort Worth, TX 76132",(817) 370-8100
100,2013,INFINITI G37 4X2 JOURNEY,37435,JN1CV6AP1DM300046,,,,,
,,,,,Bid,"$17,250 ",A & M MOTORCARS,407 W 6 Dr MesaMaricopaAZ85210-2313,(480) 834 7813
,,,,,Bid,"$17,750 ","AUSTIN EAUTOS, INC.","16809 Calply Dr Round Rock, TX 78664",(512) 252-1777
,,,,,SOLD,"$18,000 ",FRONTIER INFINITI,"4355 Stevens Creek Blvd Santa Clara, CA 95051",(408) 243-4355
101,2014,INFINITI Q50 4X2 V6,26959,JN1BV7APXEM684153,,,,,
,,,,,Bid,"$23,000 ",SC CAR ZONE,"2901 Harbor Blvd Costa Mesa, CA 92626",(866) 656-7198
,,,,,Bid,"$22,500 ",GLENDALE INFINITI,"812 S Brand Blvd, Glendale, CA 91204, United States",818-201-2637
,,,,,Bid,"$22,750 ",CREST INFINITI,"2501 N Central Expy Plano, TX 75075",(469) 808-1880
,,,,,SOLD,"$23,000 ",SC CAR ZONE,"2901 Harbor Blvd Costa Mesa, CA 92626",(866) 656-7198
102,2013,INFINITI JX35 AWD,54613,5N1AL0MMXDC334030,,,,,
,,,,,SOLD,"$24,250 ",ALLIANCE AUTOMOTIVE MARKETING,NA,NA
103,2014,INFINITI Q50 4X2 V6,24108,JN1BV7AP0EM675736,,,,,
,,,,,Bid,"$22,000 ","AUSTIN EAUTOS, INC.","16809 Calply Dr Round Rock, TX 78664",(512) 252-1777
,,,,,Bid,"$21,000 ",VICTORVILLE HYUNDAI MAZDA,"14821 Palmdale Rd Victorville, CA 92392",(800) 578-6114
,,,,,Bid,"$22,250 ",DRIVERSSELECT,"13615 N Central Expy, Dallas, TX 75243, United States",+1 214-593-1010
,,,,,SOLD,"$22,250 ",DRIVERSSELECT,"13615 N Central Expy, Dallas, TX 75243, United States",+1 214-593-1010
104,2013,INFINITI G37 4X2 JOURNEY,39653,JN1CV6AP8DM714408,,,,,
,,,,,Bid,"$20,750 ",INFINITI OF OAKLAND,"2801 Broadway, Oakland, CA 94611, United States",855-314-9838
,,,,,Bid,"$21,000 ",CARSMITH MOTORS,"48995 Milmont Dr Fremont, CA 94538",(510) 770-9790
,,,,,Bid,"$20,500 ",620 MOTORSPORTS,NA,NA
,,,,,Bid,"$21,250 ",DONOHOO AUTO LLC,"8122 Helena Rd, Pelham, AL 35124, United States",205-444-9333
,,,,,SOLD,"$21,250 ",DONOHOO AUTO LLC,"8122 Helena Rd, Pelham, AL 35124, United States",205-444-9333
105,2014,INFINITI Q50 4X2 V6,22879,JN1BV7AP5EM678924,,,,,
,,,,,Bid,"$23,000 ","AUSTIN EAUTOS, INC.","16809 Calply Dr Round Rock, TX 78664",(512) 252-1777
,,,,,SOLD,"$23,000 ","AUSTIN EAUTOS, INC.","16809 Calply Dr Round Rock, TX 78664",(512) 252-1777
106,2013,INFINITI G37 4X2 JOURNEY,29262,JN1CV6APXDM714572,,,,,
,,,,,SOLD,"$18,000 ",CARMAX # 7129,"6100 Auto Center Dr Buena Park, CA 90621",(714) 523-2667
107,2012,INFINITI FX35 4X2,39117,JN8AS1MU5CM121769,,,,,
,,,,,Bid,"$23,750 ",620 MOTORSPORTS,NA,NA
,,,,,Bid,"$25,000 ",GLENDALE INFINITI,"812 S Brand Blvd, Glendale, CA 91204, United States",818-201-2637
,,,,,SOLD,"$25,250 ",METRO INFINITI INC,"821 E Central Ave Monrovia, CA 91016",(626) 303-1000
108,2014,INFINITI Q50 4X2 V6 PREMIUM,29768,JN1AV7AP3EM690050,,,,,
,,,,,Bid,"$22,500 ",VICTORVILLE HYUNDAI MAZDA,"14821 Palmdale Rd Victorville, CA 92392",(800) 578-6114
,,,,,Bid,"$22,750 ",CREST INFINITI,"2501 N Central Expy Plano, TX 75075",(469) 808-1880
,,,,,SOLD,"$22,750 ",CREST INFINITI,"2501 N Central Expy Plano, TX 75075",(469) 808-1880
109,2013,INFINITI JX35 FWD,38460,5N1AL0MN7DC327741,,,,,
,,,,,SOLD,"$28,250 ",METRO INFINITI INC,"821 E Central Ave Monrovia, CA 91016",(626) 303-1000
110,2013,INFINITI G37 4X2 JOURNEY,32809,JN1CV6AP4DM714065,,,,,
,,,,,Bid,"$18,250 ",620 MOTORSPORTS,NA,NA
,,,,,SOLD,"$18,250 ",620 MOTORSPORTS,NA,NA
111,2013,INFINITI M37 4X2,25752,JN1BY1AP9DM510254,,,,,
,,,,,Bid,"$25,500 ",INFINITI OF THOUSAND OAKS,"3570 Thousand Oaks Blvd THOUSAND OAKS, CA 91362",(805) 494-1200
,,,,,Bid,"$25,750 ",CREST INFINITI,"2501 N Central Expy Plano, TX 75075",(469) 808-1880
112,2013,INFINITI G37 4X2 JOURNEY,22238,JN1CV6EK7DM900990,,,,,
,,,,,SOLD,"$23,500 ",METRO INFINITI INC,"821 E Central Ave Monrovia, CA 91016",(626) 303-1000
113,2014,INFINITI Q50 4X2 V6,31848,JN1BV7AP6EM674963,,,,,
,,,,,Bid,"$22,500 ",SC CAR ZONE,"2901 Harbor Blvd Costa Mesa, CA 92626",(866) 656-7198
,,,,,Bid,"$22,250 ",VICTORVILLE HYUNDAI MAZDA,"14821 Palmdale Rd Victorville, CA 92392",(800) 578-6114
,,,,,SOLD,"$22,750 ",ORANGE COAST INFINITI,"15550 Beach Blvd Westminster, CA 92683",(877) 908-8811
114,2013,INFINITI G37 4X2 JOURNEY,29053,JN1CV6AP8DM711346,,,,,
,,,,,Bid,"$19,250 ",GLENDALE INFINITI,"812 S Brand Blvd, Glendale, CA 91204, United States",818-201-2637
,,,,,SOLD,"$19,250 ",GLENDALE INFINITI,"812 S Brand Blvd, Glendale, CA 91204, United States",818-201-2637
115,2013,INFINITI JX35 AWD,29556,5N1AL0MM5DC327826,,,,,
,,,,,Bid,"$28,750 ",BESHOFF INFINITI,"2198 Tully Rd San Jose, CA 95122",(888) 313-8049
,,,,,SOLD,"$28,750 ",BESHOFF INFINITI,"2198 Tully Rd San Jose, CA 95122",(888) 313-8049
116,2014,INFINITI Q50 4X2 V6,22165,JN1BV7AP9EM685536,,,,,
,,,,,Bid,"$21,750 ",SC CAR ZONE,"2901 Harbor Blvd Costa Mesa, CA 92626",(866) 656-7198
,,,,,Bid,"$22,000 ",LUCKY AUTO SALE,"3913 Thornton Ave Fremont, CA 94536",(510) 896-8582
,,,,,Bid,"$21,500 ",VICTORVILLE HYUNDAI MAZDA,"14821 Palmdale Rd Victorville, CA 92392",(800) 578-6114
,,,,,SOLD,"$22,000 ",LUCKY AUTO SALE,"3913 Thornton Ave Fremont, CA 94536",(510) 896-8582
117,2012,INFINITI G37 4X2 JOURNEY,31347,JN1CV6APXCM933370,,,,,
,,,,,Bid,"$19,750 ",SC CAR ZONE,"2901 Harbor Blvd Costa Mesa, CA 92626",(866) 656-7198
,,,,,Bid,"$19,250 ",DONOHOO AUTO LLC,"8122 Helena Rd, Pelham, AL 35124, United States",205-444-9333
,,,,,SOLD,"$20,000 ",LOTUS OF LAS VEGAS,NA,NA
118,2014,INFINITI Q50 4X2 V6 PREMIUM,19783,JN1BV7AP3EM670692,,,,,
,,,,,Bid,"$23,250 ",VICTORVILLE HYUNDAI MAZDA,"14821 Palmdale Rd Victorville, CA 92392",(800) 578-6114
,,,,,SOLD,"$23,250 ",VICTORVILLE HYUNDAI MAZDA,"14821 Palmdale Rd Victorville, CA 92392",(800) 578-6114
119,2015,INFINITI QX80 4X4,13886,JN8AZ2NC5F9371415,,,,,
,,,,,Bid,"$59,000 ",INFINITI OF GWINNETT,"3090 Satellite Blvd Duluth, GA 30096",(678) 534-7471
,,,,,Bid,"$62,000 ",MOTOR WERKS OF BARRINGTON INC,"1475 S Barrington Rd Barrington, IL 60010",(847) 497-8669
,,,,,SOLD,"$62,000 ",MOTOR WERKS OF BARRINGTON INC,"1475 S Barrington Rd Barrington, IL 60010",(847) 497-8669
120,2013,INFINITI G37 4X2 JOURNEY,52460,JN1CV6AP5DM710817,,,,,
,,,,,SOLD,"$18,000 ",METRO INFINITI INC,"821 E Central Ave Monrovia, CA 91016",(626) 303-1000
121,2013,INFINITI JX35 FWD,49961,5N1AL0MN5DC314910,,,,,
,,,,,SOLD,"$25,750 ",CARMAX # 7129,"6100 Auto Center Dr Buena Park, CA 90621",(714) 523-2667
122,2014,INFINITI Q50 4X2 V6,20402,JN1BV7AP1EM683781,,,,,
,,,,,Bid,"$20,750 ",SC CAR ZONE,"2901 Harbor Blvd Costa Mesa, CA 92626",(866) 656-7198
,,,,,Bid,"$21,500 ",CADILLAC OF LAS VEGAS WEST,"5185 W. Sahara Ave Las Vegas, NV 89146",(855) 935-0799
,,,,,Bid,"$21,250 ",GLENDALE INFINITI,"812 S Brand Blvd, Glendale, CA 91204, United States",818-201-2637
,,,,,Bid,"$22,500 ","AUSTIN EAUTOS, INC.","16809 Calply Dr Round Rock, TX 78664",(512) 252-1777
,,,,,SOLD,"$22,500 ","AUSTIN EAUTOS, INC.","16809 Calply Dr Round Rock, TX 78664",(512) 252-1777
123,2013,INFINITI G37 4X2 JOURNEY,21967,JN1CV6AP3DM712193,,,,,
,,,,,Bid,"$18,750 ",A & M MOTORCARS,407 W 6 Dr MesaMaricopaAZ85210-2313,(480) 834 7813
,,,,,Bid,"$20,000 ",620 MOTORSPORTS,NA,NA
,,,,,Bid,"$20,750 ","AUSTIN EAUTOS, INC.","16809 Calply Dr Round Rock, TX 78664",(512) 252-1777
,,,,,SOLD,"$21,000 ",FRONTIER INFINITI,"4355 Stevens Creek Blvd Santa Clara, CA 95051",(408) 243-4355
124,2014,INFINITI Q50 4X2 V6 SPORT,24440,JN1BV7AP1EM683053,,,,,
,,,,,Bid,"$25,500 ",SC CAR ZONE,"2901 Harbor Blvd Costa Mesa, CA 92626",(866) 656-7198
,,,,,Bid,"$27,750 ","STARWOOD MOTORS, LLC","4641 Nall Rd, Dallas, TX 75244, United States",214-367-5400
,,,,,Bid,"$26,000 ",INFINITI OF THOUSAND OAKS,"3570 Thousand Oaks Blvd THOUSAND OAKS, CA 91362",(805) 494-1200
,,,,,SOLD,"$28,000 ",METRO INFINITI INC,"821 E Central Ave Monrovia, CA 91016",(626) 303-1000
125,2013,INFINITI M37 4X2,76951,JN1BY1AP6DM511684,,,,,
,,,,,Bid,"$18,500 ",ALM MALL OF GEORGIA,"4228 Buford Drive, Buford, GA 30518",888-800-1281
,,,,,SOLD,"$18,500 ",ALM MALL OF GEORGIA,"4228 Buford Drive, Buford, GA 30518",888-800-1281
126,2013,INFINITI G37 4X2 JOURNEY,23696,JN1CV6EKXDM923857,,,,,
,,,,,Bid,"$24,250 ",CARSMITH MOTORS,"48995 Milmont Dr Fremont, CA 94538",(510) 770-9790
,,,,,Bid,"$24,500 ",INFINITI OF OAKLAND,"2801 Broadway, Oakland, CA 94611, United States",855-314-9838
,,,,,Bid,"$23,750 ","AUSTIN EAUTOS, INC.","16809 Calply Dr Round Rock, TX 78664",(512) 252-1777
,,,,,SOLD,"$25,250 ",KARMART CHRYSLER JEEP DODGE,"660 Auto Blvd Burlington, WA 98233",(360) 757-2273
127,2014,INFINITI Q50 4X2 V6,16246,JN1BV7AP4EM682382,,,,,
,,,,,Bid,"$23,750 ","AUSTIN EAUTOS, INC.","16809 Calply Dr Round Rock, TX 78664",(512) 252-1777
,,,,,Bid,"$23,500 ",AUTOFLEX LEASING,"558 South Central Expressway, Richardson, Texas 75080",972-234-1234
,,,,,SOLD,"$23,500 ",AUTOFLEX LEASING,"558 South Central Expressway, Richardson, Texas 75080",972-234-1234
128,2013,INFINITI JX35 AWD,46524,5N1AL0MM7DC313040,,,,,
,,,,,SOLD,"$26,500 ",CARMAX # 7129,"6100 Auto Center Dr Buena Park, CA 90621",(714) 523-2667
129,2013,INFINITI G37 4X2 JOURNEY,18038,JN1CV6APXDM710361,,,,,
,,,,,SOLD,"$21,000 ",METRO INFINITI INC,"821 E Central Ave Monrovia, CA 91016",(626) 303-1000
130,2014,INFINITI Q50 4X2 V6 PREMIUM,23508,JN1BV7AP2EM683756,,,,,
,,,,,Bid,"$24,000 ",SC CAR ZONE,"2901 Harbor Blvd Costa Mesa, CA 92626",(866) 656-7198
,,,,,Bid,"$23,750 ",ST CLAIRE CADILLAC/ ST CLAIRE OLDSMOBILE,"3737 Stevens Creek Blvd, Santa Clara, CA 95051, United States",844-283-1827
,,,,,SOLD,"$24,000 ",SC CAR ZONE,"2901 Harbor Blvd Costa Mesa, CA 92626",(866) 656-7198
131,2013,INFINITI FX37 AWD,57748,JN8CS1MW9DM170954,,,,,
,,,,,SOLD,"$24,000 ",FRONTIER INFINITI,"4355 Stevens Creek Blvd Santa Clara, CA 95051",(408) 243-4355
132,2014,INFINITI Q50 4X2 V6 PREMIUM,25820,JN1BV7AP3EM676654,,,,,
,,,,,Bid,"$18,750 ",620 MOTORSPORTS,NA,NA
,,,,,SOLD,"$20,250 ",FRONTIER INFINITI,"4355 Stevens Creek Blvd Santa Clara, CA 95051",(408) 243-4355
133,2013,INFINITI G37 4X2 JOURNEY,15800,JN1CV6AP7DM715226,,,,,
,,,,,Bid,"$19,250 ",DONOHOO AUTO LLC,"8122 Helena Rd, Pelham, AL 35124, United States",205-444-9333
134,2013,INFINITI JX35 FWD,45633,5N1AL0MN7DC327156,,,,,
,,,,,SOLD,"$26,000 ",CARMAX # 7129,"6100 Auto Center Dr Buena Park, CA 90621",(714) 523-2667
135,2013,INFINITI G37 4X2 IPL,24752,JN1CV6FE0DM230174,,,,,
,,,,,Bid,"$29,250 ",INFINITI OF OAKLAND,"2801 Broadway, Oakland, CA 94611, United States",855-314-9838
,,,,,Bid,"$31,250 ",INFINITI OF GWINNETT,"3090 Satellite Blvd Duluth, GA 30096",(678) 534-7471
,,,,,Bid,"$31,000 ",CREST INFINITI,"2501 N Central Expy Plano, TX 75075",(469) 808-1880
,,,,,SOLD,"$31,250 ",INFINITI OF GWINNETT,"3090 Satellite Blvd Duluth, GA 30096",(678) 534-7471
136,2014,INFINITI Q50 4X2 V6,43417,JN1BV7AP9EM672415,,,,,
,,,,,Bid,"$20,500 ",ALM MALL OF GEORGIA,"4228 Buford Drive, Buford, GA 30518",888-800-1281
,,,,,SOLD,"$20,500 ",ALM MALL OF GEORGIA,"4228 Buford Drive, Buford, GA 30518",888-800-1281
137,2014,INFINITI Q50 4X2 V6,12220,JN1BV7AP3EM683166,,,,,
,,,,,Bid,"$24,250 ","AUSTIN EAUTOS, INC.","16809 Calply Dr Round Rock, TX 78664",(512) 252-1777
,,,,,SOLD,"$24,250 ","AUSTIN EAUTOS, INC.","16809 Calply Dr Round Rock, TX 78664",(512) 252-1777
138,2013,INFINITI G37 4X2 JOURNEY,19914,JN1CV6AP5DM304326,,,,,
,,,,,Bid,"$19,250 ",620 MOTORSPORTS,NA,NA
,,,,,Bid,"$20,250 ",SC CAR ZONE,"2901 Harbor Blvd Costa Mesa, CA 92626",(866) 656-7198
,,,,,Bid,"$20,500 ",INFINITI OF OAKLAND,"2801 Broadway, Oakland, CA 94611, United States",855-314-9838
,,,,,SOLD,"$21,250 ",FRONTIER INFINITI,"4355 Stevens Creek Blvd Santa Clara, CA 95051",(408) 243-4355
139,2013,INFINITI G37 AWD X,33245,JN1CV6AR8DM758572,,,,,
,,,,,Bid,"$19,250 ",620 MOTORSPORTS,NA,NA
,,,,,SOLD,"$19,500 ",INFINITI OF BEVERLY HILLS,"8825 Wilshire Blvd, Beverly Hills, CA 90211, United States",844-411-0560
140,2014,INFINITI Q50 4X2 V6,21231,JN1BV7AP1EM685496,,,,,
,,,,,Bid,"$20,250 ",CADILLAC OF LAS VEGAS WEST,"5185 W. Sahara Ave Las Vegas, NV 89146",(855) 935-0799
,,,,,Bid,"$20,000 ",INFINITI OF GWINNETT,"3090 Satellite Blvd Duluth, GA 30096",(678) 534-7471
,,,,,SOLD,"$20,250 ",CADILLAC OF LAS VEGAS WEST,"5185 W. Sahara Ave Las Vegas, NV 89146",(855) 935-0799
141,2013,INFINITI G37 4X2 BASE,22220,JN1CV6FE0DM771516,,,,,
,,,,,Bid,"$26,500 ",CAMPBELL NELSON NISSAN INC,"24325 Hwy 99 Edmonds, WA 98026",(425) 774-2174
,,,,,SOLD,"$26,500 ",CAMPBELL NELSON NISSAN INC,"24325 Hwy 99 Edmonds, WA 98026",(425) 774-2174
142,2013,INFINITI JX35 FWD,16693,5N1AL0MN9DC327076,,,,,
,,,,,Bid,"$31,250 ",AUTOFLEX LEASING,"558 South Central Expressway, Richardson, Texas 75080",972-234-1234
,,,,,SOLD,"$31,250 ",AUTOFLEX LEASING,"558 South Central Expressway, Richardson, Texas 75080",972-234-1234
143,2013,INFINITI M37 4X2,53988,JN1BY1AP4DM512557,,,,,
,,,,,Bid,"$21,000 ",ALM MALL OF GEORGIA,"4228 Buford Drive, Buford, GA 30518",888-800-1281
,,,,,SOLD,"$21,000 ",ALM MALL OF GEORGIA,"4228 Buford Drive, Buford, GA 30518",888-800-1281
144,2014,INFINITI Q50 4X2 V6,20467,JN1BV7APXEM683603,,,,,
,,,,,Bid,"$22,000 ",INFINITI OF GWINNETT,"3090 Satellite Blvd Duluth, GA 30096",(678) 534-7471
,,,,,SOLD,"$22,000 ",INFINITI OF GWINNETT,"3090 Satellite Blvd Duluth, GA 30096",(678) 534-7471
145,2012,INFINITI G37 4X2 BASE,55092,JN1CV6FE6CM202541,,,,,
,,,,,SOLD,"$21,500 ",INFINITI OF BEVERLY HILLS,"8825 Wilshire Blvd, Beverly Hills, CA 90211, United States",844-411-0560
146,2014,INFINITI Q50 4X2 V6,21358,JN1BV7AP7EM677712,,,,,
,,,,,Bid,"$22,750 ",NAPA NISSAN INC,"510 Soscol Ave Napa, CA 94559",(707) 253-1551
,,,,,SOLD,"$23,000 ",ALLIANCE AUTOMOTIVE MARKETING,NA,NA
147,2013,INFINITI JX35 AWD,37094,5N1AL0MM9DC316053,,,,,
,,,,,Bid,"$29,750 ",BESHOFF INFINITI,"2198 Tully Rd San Jose, CA 95122",(888) 313-8049
,,,,,SOLD,"$29,750 ",BESHOFF INFINITI,"2198 Tully Rd San Jose, CA 95122",(888) 313-8049
148,2012,INFINITI G37 4X2 BASE,19827,JN1CV6FE8CM202380,,,,,
,,,,,Bid,"$25,500 ",CARSMITH MOTORS,"48995 Milmont Dr Fremont, CA 94538",(510) 770-9790
,,,,,Bid,"$25,750 ",INFINITI OF THOUSAND OAKS,"3570 Thousand Oaks Blvd THOUSAND OAKS, CA 91362",(805) 494-1200
,,,,,SOLD,"$26,750 ",INFINITI OF BEVERLY HILLS,"8825 Wilshire Blvd, Beverly Hills, CA 90211, United States",844-411-0560
149,2014,INFINITI Q50 4X2 V6 PREMIUM,27307,JN1AV7AP8EM690576,,,,,
,,,,,Bid,"$23,000 ",ALM MALL OF GEORGIA,"4228 Buford Drive, Buford, GA 30518",888-800-1281
,,,,,Bid,"$22,750 ",INFINITI OF THOUSAND OAKS,"3570 Thousand Oaks Blvd THOUSAND OAKS, CA 91362",(805) 494-1200
150,2013,INFINITI G37 4X2 JOURNEY,16093,JN1CV6AP2DM713514,,,,,
,,,,,Bid,"$21,500 ",INFINITI OF THOUSAND OAKS,"3570 Thousand Oaks Blvd THOUSAND OAKS, CA 91362",(805) 494-1200
,,,,,SOLD,"$21,250 ",LOTUS OF LAS VEGAS,NA,NA
151,2013,INFINITI FX37 4X2,38533,JN8CS1MU2DM140810,,,,,
,,,,,Bid,"$25,500 ",AUTONATION INFINITI SOUTH BAY,"3233 Pacific Coast Hwy Torrance, CA 90505",(424) 245-0985
,,,,,SOLD,"$27,250 ",INFINITI OF BEVERLY HILLS,"8825 Wilshire Blvd, Beverly Hills, CA 90211, United States",844-411-0560
152,2013,INFINITI G37 4X2 JOURNEY,19827,JN1CV6APXDM712532,,,,,
,,,,,Bid,"$20,750 ",INFINITI OF OAKLAND,"2801 Broadway, Oakland, CA 94611, United States",855-314-9838
,,,,,SOLD,"$20,750 ",INFINITI OF OAKLAND,"2801 Broadway, Oakland, CA 94611, United States",855-314-9838
153,2014,INFINITI Q50 4X2 V6 SPORT,30756,JN1AV7AP5EM691197,,,,,
,,,,,Bid,"$24,000 ",AUTONATION INFINITI SOUTH BAY,"3233 Pacific Coast Hwy Torrance, CA 90505",(424) 245-0985
,,,,,SOLD,"$27,000 ",INFINITI OF VAN NUYS,"5455 Van Nuys Blvd Van Nuys, CA 91401",(866) 554-4870
154,2013,INFINITI JX35 AWD,41015,5N1AL0MM3DC319269,,,,,
,,,,,SOLD,"$29,000 ",INFINITI OF VAN NUYS,"5455 Van Nuys Blvd Van Nuys, CA 91401",(866) 554-4870
155,2013,INFINITI G37 4X2 JOURNEY,26345,JN1CV6AP3DM711576,,,,,
,,,,,SOLD,"$18,500 ",CARMAX # 7129,"6100 Auto Center Dr Buena Park, CA 90621",(714) 523-2667
156,2014,INFINITI Q50 4X2 V6,17237,JN1BV7AP2EM684132,,,,,
,,,,,Bid,"$24,000 ",INFINITI OF THOUSAND OAKS,"3570 Thousand Oaks Blvd THOUSAND OAKS, CA 91362",(805) 494-1200
,,,,,Bid,"$23,750 ","AUSTIN EAUTOS, INC.","16809 Calply Dr Round Rock, TX 78664",(512) 252-1777
,,,,,SOLD,"$24,000 ",INFINITI OF THOUSAND OAKS,"3570 Thousand Oaks Blvd THOUSAND OAKS, CA 91362",(805) 494-1200
157,2013,INFINITI G37 4X2 JOURNEY,45228,JN1CV6APXDM717021,,,,,
,,,,,SOLD,"$16,250 ",FM ENTERPRISE,"1224 Kendrick Ct Corona, CA 92881",(714) 554-4786
158,2014,INFINITI Q50 4X2 V6,19117,JN1BV7AP2EM683224,,,,,
,,,,,Bid,"$24,250 ",SOUTHWEST AUTO CENTER INC,"9848 Southwest Fwy, Houston, TX 77074, United States",713-777-5403
,,,,,Bid,"$24,500 ",CREST INFINITI,"2501 N Central Expy Plano, TX 75075",(469) 808-1880
,,,,,SOLD,"$24,500 ",CREST INFINITI,"2501 N Central Expy Plano, TX 75075",(469) 808-1880
159,2013,INFINITI G37 4X2 JOURNEY,23027,JN1CV6EKXDM921431,,,,,
,,,,,SOLD,"$23,750 ",METRO INFINITI INC,"821 E Central Ave Monrovia, CA 91016",(626) 303-1000
160,2013,INFINITI JX35 FWD,47974,5N1AL0MN4DC332735,,,,,
,,,,,SOLD,"$24,000 ",CARMAX # 7129,"6100 Auto Center Dr Buena Park, CA 90621",(714) 523-2667
161,2014,INFINITI Q50 4X2 V6 PREMIUM,17144,JN1BV7AP8EM680666,,,,,
,,,,,Bid,"$21,000 ",INFINITI OF GWINNETT,"3090 Satellite Blvd Duluth, GA 30096",(678) 534-7471
,,,,,Bid,"$24,000 ",ST CLAIRE CADILLAC/ ST CLAIRE OLDSMOBILE,"3737 Stevens Creek Blvd, Santa Clara, CA 95051, United States",844-283-1827
,,,,,Bid,"$21,500 ",AUTOFLEX LEASING,"558 South Central Expressway, Richardson, Texas 75080",972-234-1234
,,,,,Bid,"$24,500 ",AUTONATION INFINITI SOUTH BAY,"3233 Pacific Coast Hwy Torrance, CA 90505",(424) 245-0985
,,,,,SOLD,"$24,750 ",METRO INFINITI INC,"821 E Central Ave Monrovia, CA 91016",(626) 303-1000
162,2012,INFINITI G37 4X2 JOURNEY,59214,JN1CV6EK4CM420016,,,,,
,,,,,Bid,"$15,250 ",DONOHOO AUTO LLC,"8122 Helena Rd, Pelham, AL 35124, United States",205-444-9333
,,,,,SOLD,"$15,250 ",ALLIANCE AUTOMOTIVE MARKETING,NA,NA
163,2014,INFINITI Q50 4X2 V6,22362,JN1BV7AP6EM690399,,,,,
,,,,,Bid,"$21,250 ",CADILLAC OF LAS VEGAS WEST,"5185 W. Sahara Ave Las Vegas, NV 89146",(855) 935-0799
,,,,,Bid,"$21,500 ",SC CAR ZONE,"2901 Harbor Blvd Costa Mesa, CA 92626",(866) 656-7198
,,,,,SOLD,"$21,500 ",SC CAR ZONE,"2901 Harbor Blvd Costa Mesa, CA 92626",(866) 656-7198
164,2014,INFINITI QX80 4X4,23742,JN8AZ2NC6E9352967,,,,,
,,,,,Bid,"$55,500 ",INFINITI OF GWINNETT,"3090 Satellite Blvd Duluth, GA 30096",(678) 534-7471
,,,,,Bid,"$54,500 ",AUDI OF TACOMA,"1701 Alexander Ave E, Fife, WA 98424, United States",253-475-3832
,,,,,SOLD,"$55,500 ",INFINITI OF GWINNETT,"3090 Satellite Blvd Duluth, GA 30096",(678) 534-7471
165,2010,INFINITI G37 4X2 JOURNEY,55008,JN1CV6AP1AM403754,,,,,
,,,,,Bid,"$14,250 ",SOUTHWEST AUTO CENTER INC,"9848 Southwest Fwy, Houston, TX 77074, United States",713-777-5403
,,,,,Bid,"$15,500 ",DONOHOO AUTO LLC,"8122 Helena Rd, Pelham, AL 35124, United States",205-444-9333
,,,,,Bid,"$15,000 ",GLENDALE INFINITI,"812 S Brand Blvd, Glendale, CA 91204, United States",818-201-2637
,,,,,SOLD,"$15,750 ",FRONTIER INFINITI,"4355 Stevens Creek Blvd Santa Clara, CA 95051",(408) 243-4355
166,2014,INFINITI Q50 4X2 V6,11399,JN1BV7AP9EM676609,,,,,
,,,,,Bid,"$23,750 ",NAPA NISSAN INC,"510 Soscol Ave Napa, CA 94559",(707) 253-1551
,,,,,Bid,"$24,000 ",INFINITI OF THOUSAND OAKS,"3570 Thousand Oaks Blvd THOUSAND OAKS, CA 91362",(805) 494-1200
,,,,,SOLD,"$24,000 ",INFINITI OF THOUSAND OAKS,"3570 Thousand Oaks Blvd THOUSAND OAKS, CA 91362",(805) 494-1200
167,2013,INFINITI G37 4X2 JOURNEY,23442,JN1CV6EK4DM900834,,,,,
,,,,,Bid,"$25,000 ",INFINITI OF OAKLAND,"2801 Broadway, Oakland, CA 94611, United States",855-314-9838
,,,,,Bid,"$24,250 ",CARSMITH MOTORS,"48995 Milmont Dr Fremont, CA 94538",(510) 770-9790
,,,,,SOLD,"$25,000 ",INFINITI OF OAKLAND,"2801 Broadway, Oakland, CA 94611, United States",855-314-9838
168,2013,INFINITI JX35 AWD,2063,5N1AL0MM3DC330255,,,,,
,,,,,Bid,"$32,000 ",INFINITI OF OAKLAND,"2801 Broadway, Oakland, CA 94611, United States",855-314-9838
,,,,,Bid,"$31,500 ",INFINITI OF GWINNETT,"3090 Satellite Blvd Duluth, GA 30096",(678) 534-7471
,,,,,Bid,"$32,500 ",COULTER INFINITI,"6225 E Test Dr, Mesa, AZ 85206, United States",480-396-1500
,,,,,SOLD,"$32,500 ",COULTER INFINITI,"6225 E Test Dr, Mesa, AZ 85206, United States",480-396-1500
169,2013,INFINITI G37 4X2 JOURNEY,27937,JN1CV6AP7DM711144,,,,,
,,,,,SOLD,"$17,750 ",CARMAX # 7129,"6100 Auto Center Dr Buena Park, CA 90621",(714) 523-2667
170,2014,INFINITI Q50 4X2 V6,16358,JN1BV7AP8EM685026,,,,,
,,,,,Bid,"$23,750 ",ST CLAIRE CADILLAC/ ST CLAIRE OLDSMOBILE,"3737 Stevens Creek Blvd, Santa Clara, CA 95051, United States",844-283-1827
,,,,,Bid,"$23,500 ",SOUTHWEST AUTO CENTER INC,"9848 Southwest Fwy, Houston, TX 77074, United States",713-777-5403
171,2012,INFINITI G37 4X2 BASE,16467,JN1CV6FE5CM203518,,,,,
,,,,,Bid,"$24,750 ",CARSMITH MOTORS,"48995 Milmont Dr Fremont, CA 94538",(510) 770-9790
,,,,,Bid,"$25,250 ",INFINITI OF THOUSAND OAKS,"3570 Thousand Oaks Blvd THOUSAND OAKS, CA 91362",(805) 494-1200
,,,,,SOLD,"$25,250 ",INFINITI OF THOUSAND OAKS,"3570 Thousand Oaks Blvd THOUSAND OAKS, CA 91362",(805) 494-1200
172,2013,INFINITI M37 4X2,18844,JN1BY1AP6DM510325,,,,,
,,,,,Bid,"$26,250 ",AUTOFLEX LEASING,"558 South Central Expressway, Richardson, Texas 75080",972-234-1234
,,,,,SOLD,"$26,250 ",AUTOFLEX LEASING,"558 South Central Expressway, Richardson, Texas 75080",972-234-1234
173,2013,INFINITI JX35 AWD,26671,5N1AL0MM0DC326289,,,,,
,,,,,SOLD,"$32,000 ",CARMAX # 7129,"6100 Auto Center Dr Buena Park, CA 90621",(714) 523-2667
174,2013,INFINITI G37 4X2 JOURNEY,23607,JN1CV6AP6DM724600,,,,,
,,,,,Bid,"$20,000 ",SC CAR ZONE,"2901 Harbor Blvd Costa Mesa, CA 92626",(866) 656-7198
,,,,,Bid,"$20,500 ",GLENDALE INFINITI,"812 S Brand Blvd, Glendale, CA 91204, United States",818-201-2637
,,,,,SOLD,"$20,250 ",CERRITOS INFINITI INC,"11011 East South Street Cerritos, CA 90703",(562) 219-2500
175,2015,INFINITI Q70 AWD V6,1510,JN1BY1ARXFM562707,,,,,
,,,,,Bid,"$39,000 ",INFINITI OF GWINNETT,"3090 Satellite Blvd Duluth, GA 30096",(678) 534-7471
,,,,,Bid,"$39,500 ",MOTOR WERKS OF BARRINGTON INC,"1475 S Barrington Rd Barrington, IL 60010",(847) 497-8669
176,2013,INFINITI FX37 4X2,30837,JN8CS1MU2DM140323,,,,,
,,,,,Bid,"$28,750 ",PLANET NISSAN,"735 Showcase Dr S, San Bernardino, CA, 92408",(909) 885-3883
,,,,,Bid,"$30,250 ",AUTONATION INFINITI SOUTH BAY,"3233 Pacific Coast Hwy Torrance, CA 90505",(424) 245-0985
,,,,,Bid,"$29,500 ",GLENDALE INFINITI,"812 S Brand Blvd, Glendale, CA 91204, United States",818-201-2637
,,,,,Bid,"$30,500 ",CREST INFINITI,"2501 N Central Expy Plano, TX 75075",(469) 808-1880
,,,,,SOLD,"$30,500 ",INFINITI OF VAN NUYS,"5455 Van Nuys Blvd Van Nuys, CA 91401",(866) 554-4870
177,2013,INFINITI G37 4X2 JOURNEY,16771,JN1CV6AP7DM305008,,,,,
,,,,,Bid,"$21,000 ",INFINITI OF OAKLAND,"2801 Broadway, Oakland, CA 94611, United States",855-314-9838
,,,,,Bid,"$20,500 ",620 MOTORSPORTS,NA,NA
,,,,,SOLD,"$21,000 ",INFINITI OF OAKLAND,"2801 Broadway, Oakland, CA 94611, United States",855-314-9838
178,2014,INFINITI Q50 4X2 V6,21427,JN1BV7AP2EM680954,,,,,
,,,,,Bid,"$21,000 ",SC CAR ZONE,"2901 Harbor Blvd Costa Mesa, CA 92626",(866) 656-7198
,,,,,Bid,"$21,250 ",CADILLAC OF LAS VEGAS WEST,"5185 W. Sahara Ave Las Vegas, NV 89146",(855) 935-0799
,,,,,SOLD,"$21,250 ",CADILLAC OF LAS VEGAS WEST,"5185 W. Sahara Ave Las Vegas, NV 89146",(855) 935-0799
179,2015,INFINITI Q50 4X2 V6 SPORT,10610,JN1BV7AP8FM339723,,,,,
,,,,,Bid,"$31,000 ",CREST INFINITI,"2501 N Central Expy Plano, TX 75075",(469) 808-1880
,,,,,SOLD,"$31,000 ",CREST INFINITI,"2501 N Central Expy Plano, TX 75075",(469) 808-1880
180,2013,INFINITI G37 4X2 JOURNEY,29064,JN1CV6AP5DM717282,,,,,
,,,,,Bid,"$20,000 ",SC CAR ZONE,"2901 Harbor Blvd Costa Mesa, CA 92626",(866) 656-7198
,,,,,Bid,"$20,250 ",DONOHOO AUTO LLC,"8122 Helena Rd, Pelham, AL 35124, United States",205-444-9333
,,,,,SOLD,"$20,250 ",DONOHOO AUTO LLC,"8122 Helena Rd, Pelham, AL 35124, United States",205-444-9333
181,2014,INFINITI Q50 4X2 V6,28879,JN1BV7AP3EM684382,,,,,
,,,,,Bid,"$22,000 ",NAPA NISSAN INC,"510 Soscol Ave Napa, CA 94559",(707) 253-1551
,,,,,SOLD,"$22,000 ",NAPA NISSAN INC,"510 Soscol Ave Napa, CA 94559",(707) 253-1551
182,2013,INFINITI JX35 FWD,31354,5N1AL0MN3DC319992,,,,,
,,,,,Bid,"$26,750 ",SC CAR ZONE,"2901 Harbor Blvd Costa Mesa, CA 92626",(866) 656-7198
,,,,,SOLD,"$26,750 ",SC CAR ZONE,"2901 Harbor Blvd Costa Mesa, CA 92626",(866) 656-7198
183,2013,INFINITI G37 4X2 JOURNEY,26295,JN1CV6EK0DM920594,,,,,
,,,,,SOLD,"$21,500 ",KARMART CHRYSLER JEEP DODGE,"660 Auto Blvd Burlington, WA 98233",(360) 757-2273
184,2014,INFINITI Q50 4X2 V6 PREMIUM,27285,JN1BV7APXEM684203,,,,,
,,,,,SOLD,"$23,500 ",ORANGE COAST INFINITI,"15550 Beach Blvd Westminster, CA 92683",(877) 908-8811
185,2013,INFINITI G37 4X2 JOURNEY,31066,JN1CV6AP8DM711069,,,,,
,,,,,Bid,"$16,750 ",A & M MOTORCARS,407 W 6 Dr MesaMaricopaAZ85210-2313,(480) 834 7813
,,,,,SOLD,"$17,000 ",CARMAX # 7129,"6100 Auto Center Dr Buena Park, CA 90621",(714) 523-2667
186,2014,INFINITI QX60 FWD 4C HYBRID,21109,5N1CL0MN5EC507813,,,,,
,,,,,Bid,"$32,500 ",INFINITI OF GWINNETT,"3090 Satellite Blvd Duluth, GA 30096",(678) 534-7471
,,,,,SOLD,"$33,000 ",ORANGE COAST INFINITI,"15550 Beach Blvd Westminster, CA 92683",(877) 908-8811
187,2013,INFINITI G37 4X2 JOURNEY,30107,JN1CV6AP7DM300651,,,,,
,,,,,Bid,"$19,500 ",620 MOTORSPORTS,NA,NA
,,,,,Bid,"$19,750 ",INFINITI OF OAKLAND,"2801 Broadway, Oakland, CA 94611, United States",855-314-9838
,,,,,SOLD,"$19,750 ",INFINITI OF OAKLAND,"2801 Broadway, Oakland, CA 94611, United States",855-314-9838
188,2013,INFINITI G37 4X2 JOURNEY,17543,JN1CV6AP0DM722762,,,,,
,,,,,Bid,"$18,500 ",JERSEY AUTO,"5639 N Jersey Ave Chicago, IL 60659",(773) 588-2855
189,2012,INFINITI M37 4X2,24758,JN1BY1AP0CM335553,,,,,
,,,,,Bid,"$23,000 ",INFINITI OF GWINNETT,"3090 Satellite Blvd Duluth, GA 30096",(678) 534-7471
,,,,,SOLD,"$25,750 ",FRONTIER INFINITI,"4355 Stevens Creek Blvd Santa Clara, CA 95051",(408) 243-4355
190,2014,INFINITI Q50 4X2 V6,24724,JN1BV7AP5EM684013,,,,,
,,,,,Bid,"$22,250 ",SC CAR ZONE,"2901 Harbor Blvd Costa Mesa, CA 92626",(866) 656-7198
,,,,,Bid,"$22,500 ","AUSTIN EAUTOS, INC.","16809 Calply Dr Round Rock, TX 78664",(512) 252-1777
,,,,,SOLD,"$22,250 ",SC CAR ZONE,"2901 Harbor Blvd Costa Mesa, CA 92626",(866) 656-7198
191,2013,INFINITI G37 4X2 JOURNEY,15701,JN1CV6EK8DM900965,,,,,
,,,,,Bid,"$24,250 ",PLANET NISSAN,"735 Showcase Dr S, San Bernardino, CA, 92408",(909) 885-3883
,,,,,SOLD,"$24,500 ",INFINITI OF VAN NUYS,"5455 Van Nuys Blvd Van Nuys, CA 91401",(866) 554-4870
192,2013,INFINITI EX37 4X2 JOURNEY,20729,JN1BJ0HP0DM430507,,,,,
,,,,,Bid,"$25,000 ",INFINITI OF GWINNETT,"3090 Satellite Blvd Duluth, GA 30096",(678) 534-7471
,,,,,SOLD,"$27,500 ",INFINITI OF VAN NUYS,"5455 Van Nuys Blvd Van Nuys, CA 91401",(866) 554-4870
193,2013,INFINITI JX35 FWD,38512,5N1AL0MN2DC337920,,,,,
,,,,,Bid,"$23,500 ",SC CAR ZONE,"2901 Harbor Blvd Costa Mesa, CA 92626",(866) 656-7198
,,,,,Bid,"$25,500 ",GLOBAL MOTOR SPORTS INC,"5212 Harding Pike Nashville, TN 37205",615-353-9333
,,,,,Bid,"$25,750 ",AUTO ONE,"1236 Soquel Ave Santa Cruz, CA 95062",(831) 427-2700
,,,,,SOLD,"$25,750 ",AUTO ONE,"1236 Soquel Ave Santa Cruz, CA 95062",(831) 427-2700
194,2012,INFINITI G37 4X2 BASE,25720,JN1CV6FEXCM200937,,,,,
,,,,,Bid,"$24,750 ",CARSMITH MOTORS,"48995 Milmont Dr Fremont, CA 94538",(510) 770-9790
,,,,,Bid,"$24,000 ",INFINITI OF THOUSAND OAKS,"3570 Thousand Oaks Blvd THOUSAND OAKS, CA 91362",(805) 494-1200
,,,,,SOLD,"$25,750 ",INFINITI OF BEVERLY HILLS,"8825 Wilshire Blvd, Beverly Hills, CA 90211, United States",844-411-0560
195,2013,INFINITI G37 4X2 JOURNEY,21862,JN1CV6AP2DM711519,,,,,
,,,,,Bid,"$18,750 ",A & M MOTORCARS,407 W 6 Dr MesaMaricopaAZ85210-2313,(480) 834 7813
,,,,,SOLD,"$19,250 ",CARMAX # 7129,"6100 Auto Center Dr Buena Park, CA 90621",(714) 523-2667
196,2014,INFINITI Q50 4X2 V6 PREMIUM,18684,JN1BV7AP3EM674080,,,,,
,,,,,Bid,"$24,000 ",ST CLAIRE CADILLAC/ ST CLAIRE OLDSMOBILE,"3737 Stevens Creek Blvd, Santa Clara, CA 95051, United States",844-283-1827
,,,,,SOLD,"$25,000 ",INFINITI OF VAN NUYS,"5455 Van Nuys Blvd Van Nuys, CA 91401",(866) 554-4870
197,2013,INFINITI FX37 4X2,36842,JN8CS1MU2DM140497,,,,,
,,,,,Bid,"$30,500 ",AUTONATION INFINITI SOUTH BAY,"3233 Pacific Coast Hwy Torrance, CA 90505",(424) 245-0985
,,,,,Bid,"$29,500 ",PLANET NISSAN,"735 Showcase Dr S, San Bernardino, CA, 92408",(909) 885-3883
,,,,,Bid,"$30,750 ",GLENDALE INFINITI,"812 S Brand Blvd, Glendale, CA 91204, United States",818-201-2637
,,,,,Bid,"$29,000 ","AUSTIN EAUTOS, INC.","16809 Calply Dr Round Rock, TX 78664",(512) 252-1777
,,,,,SOLD,"$30,750 ",GLENDALE INFINITI,"812 S Brand Blvd, Glendale, CA 91204, United States",818-201-2637
198,2013,INFINITI G37 4X2 JOURNEY,55025,JN1CV6AP8DM710794,,,,,
,,,,,SOLD,"$18,250 ",FM ENTERPRISE,"1224 Kendrick Ct Corona, CA 92881",(714) 554-4786
199,2013,INFINITI JX35 FWD,36468,5N1AL0MN1DC308649,,,,,
,,,,,Bid,"$28,500 ",INFINITI OF OAKLAND,"2801 Broadway, Oakland, CA 94611, United States",855-314-9838
,,,,,SOLD,"$29,000 ",PERRY FORD,"2050 National City Blvd, National City, CA 91950, United States",619-477-2711
200,2013,INFINITI G37 4X2 JOURNEY,31244,JN1CV6EK7DM900780,,,,,
,,,,,SOLD,"$22,500 ",METRO INFINITI INC,"821 E Central Ave Monrovia, CA 91016",(626) 303-1000
201,2013,INFINITI G37 4X2 BASE,11287,JN1CV6FE9DM771272,,,,,
,,,,,SOLD,"$30,500 ",INFINITI OF MISSION VIEJO,"28471 Marguerite Pkwy Mission Viejo, CA 92692",(949) 916-4200
202,2013,INFINITI JX35 FWD,36341,5N1AL0MN3DC325078,,,,,
,,,,,SOLD,"$26,750 ",CARMAX # 7129,"6100 Auto Center Dr Buena Park, CA 90621",(714) 523-2667
203,2013,INFINITI G37 4X2 JOURNEY,30164,JN1CV6AP9DM304216,,,,,
,,,,,Bid,"$18,250 ",620 MOTORSPORTS,NA,NA
,,,,,Bid,"$19,500 ",INFINITI OF OAKLAND,"2801 Broadway, Oakland, CA 94611, United States",855-314-9838
,,,,,Bid,"$19,750 ",SC CAR ZONE,"2901 Harbor Blvd Costa Mesa, CA 92626",(866) 656-7198
,,,,,SOLD,"$19,750 ",SC CAR ZONE,"2901 Harbor Blvd Costa Mesa, CA 92626",(866) 656-7198
204,2013,INFINITI G37 4X2 IPL,25245,JN1CV6EKXDM900112,,,,,
,,,,,Bid,"$26,250 ",INFINITI OF GWINNETT,"3090 Satellite Blvd Duluth, GA 30096",(678) 534-7471
,,,,,Bid,"$27,500 ",CARSMITH MOTORS,"48995 Milmont Dr Fremont, CA 94538",(510) 770-9790
,,,,,Bid,"$27,750 ",INFINITI OF OAKLAND,"2801 Broadway, Oakland, CA 94611, United States",855-314-9838
,,,,,Bid,"$26,500 ",ROYAL MOORE NISSAN SUBARU,NA,NA
,,,,,SOLD,"$27,750 ",INFINITI OF OAKLAND,"2801 Broadway, Oakland, CA 94611, United States",855-314-9838
205,2013,INFINITI G37 4X2 JOURNEY,39624,JN1CV6EK5DM900938,,,,,
,,,,,SOLD,"$21,500 ",METRO INFINITI INC,"821 E Central Ave Monrovia, CA 91016",(626) 303-1000
206,2013,INFINITI G37 4X2 JOURNEY,17286,JN1CV6AP4DM726054,,,,,
,,,,,Bid,"$18,500 ",E TYPE MOTORS,NA,NA
,,,,,Bid,"$19,500 ",PLANET NISSAN,"735 Showcase Dr S, San Bernardino, CA, 92408",(909) 885-3883
,,,,,SOLD,"$19,500 ",PLANET NISSAN,"735 Showcase Dr S, San Bernardino, CA, 92408",(909) 885-3883
207,2013,INFINITI G37 4X2 SPORT,28274,JN1CV6EK7DM920348,,,,,
,,,,,Bid,"$25,000 ",CARSMITH MOTORS,"48995 Milmont Dr Fremont, CA 94538",(510) 770-9790
,,,,,Bid,"$23,500 ",AUTO PROZ,"920 El Cajon Blvd,El Cajon, CA 92020",(619) 440-3000
,,,,,Bid,"$25,750 ",INFINITI OF OAKLAND,"2801 Broadway, Oakland, CA 94611, United States",855-314-9838
,,,,,Bid,"$22,000 ",620 MOTORSPORTS,NA,NA
,,,,,Bid,"$26,000 ",INFINITI OF THOUSAND OAKS,"3570 Thousand Oaks Blvd THOUSAND OAKS, CA 91362",(805) 494-1200
,,,,,SOLD,"$26,000 ",INFINITI OF THOUSAND OAKS,"3570 Thousand Oaks Blvd THOUSAND OAKS, CA 91362",(805) 494-1200
208,2013,INFINITI JX35 FWD,42599,5N1AL0MN9DC308690,,,,,
,,,,,SOLD,"$27,750 ",CARMAX # 7129,"6100 Auto Center Dr Buena Park, CA 90621",(714) 523-2667
209,2014,INFINITI Q50 4X2 V6,22631,JN1BV7AP1EM677222,,,,,
,,,,,Bid,"$22,750 ",SOUTHWEST AUTO CENTER INC,"9848 Southwest Fwy, Houston, TX 77074, United States",713-777-5403
,,,,,Bid,"$23,250 ","AUSTIN EAUTOS, INC.","16809 Calply Dr Round Rock, TX 78664",(512) 252-1777
,,,,,SOLD,"$23,250 ","AUSTIN EAUTOS, INC.","16809 Calply Dr Round Rock, TX 78664",(512) 252-1777
210,2012,INFINITI QX56 4X2 7,59592,JN8AZ2NF8C9515321,,,,,
,,,,,Bid,"$34,000 ",WORLD IMPORTS USA INC,"11650 Beach Blvd Jacksonville, FL 32246",(904) 998-9992
,,,,,SOLD,"$34,000 ",WORLD IMPORTS USA INC,"11650 Beach Blvd Jacksonville, FL 32246",(904) 998-9992
211,2012,INFINITI G37 4X2 JOURNEY,30993,JN1CV6AP3CM936403,,,,,
,,,,,Bid,"$19,250 ",CARSMITH MOTORS,"48995 Milmont Dr Fremont, CA 94538",(510) 770-9790
,,,,,SOLD,"$19,250 ",CARSMITH MOTORS,"48995 Milmont Dr Fremont, CA 94538",(510) 770-9790
212,2014,INFINITI Q50 4X2 V6,21244,JN1BV7AP4EM683158,,,,,
,,,,,Bid,"$20,250 ",SC CAR ZONE,"2901 Harbor Blvd Costa Mesa, CA 92626",(866) 656-7198
,,,,,Bid,"$20,000 ",E TYPE MOTORS,NA,NA
,,,,,Bid,"$19,500 ",INFINITI OF GWINNETT,"3090 Satellite Blvd Duluth, GA 30096",(678) 534-7471
,,,,,SOLD,"$20,250 ",SC CAR ZONE,"2901 Harbor Blvd Costa Mesa, CA 92626",(866) 656-7198
213,2013,INFINITI G37 4X2 JOURNEY,19808,JN1CV6AP5DM714754,,,,,
,,,,,Bid,"$18,500 ",JERSEY AUTO,"5639 N Jersey Ave Chicago, IL 60659",(773) 588-2855
,,,,,SOLD,"$19,000 ",CARMAX # 7129,"6100 Auto Center Dr Buena Park, CA 90621",(714) 523-2667
214,2013,INFINITI M37 4X2,22201,JN1BY1AP3DM511495,,,,,
,,,,,Bid,"$25,250 ",INFINITI OF GWINNETT,"3090 Satellite Blvd Duluth, GA 30096",(678) 534-7471
,,,,,Bid,"$26,500 ",SOUTHWEST AUTO CENTER INC,"9848 Southwest Fwy, Houston, TX 77074, United States",713-777-5403
,,,,,Bid,"$26,250 ",INFINITI OF THOUSAND OAKS,"3570 Thousand Oaks Blvd THOUSAND OAKS, CA 91362",(805) 494-1200
,,,,,SOLD,"$26,500 ",SOUTHWEST AUTO CENTER INC,"9848 Southwest Fwy, Houston, TX 77074, United States",713-777-5403
215,2011,INFINITI G25 AWD X,43016,JN1DV6AR7BM451699,,,,,
,,,,,Bid,"$14,000 ",AUTOMOTIVE IMPORTS,NOT APPLICABLE,NOT APPLICABLE
,,,,,Bid,"$12,000 ",FUTURE AUTO SALES INC,"1711 S Brand Blvd, Glendale, CA 91204",(818) 240-0099
,,,,,Bid,"$12,500 ",BIRMINGHAM LUXURY MOTORS,"3301 Allison-Bonnett Memorial Dr, Hueytown, AL 35023, United States",205-491-3705
,,,,,Bid,"$13,000 ",AUTO ONE,"1236 Soquel Ave Santa Cruz, CA 95062",(831) 427-2700
,,,,,Bid,"$13,500 ",DONOHOO AUTO LLC,"8122 Helena Rd, Pelham, AL 35124, United States",205-444-9333
,,,,,Bid,"$14,250 ",VOLKSWAGEN OF PUYALLUP,"820 River Rd Puyallup, WA 98371
",(253) 200-1061
,,,,,SOLD,"$14,250 ",VOLKSWAGEN OF PUYALLUP,"820 River Rd Puyallup, WA 98371
",(253) 200-1061
216,2013,INFINITI JX35 FWD,34504,5N1AL0MNXDC337809,,,,,
,,,,,Bid,"$27,000 ",INFINITI OF GWINNETT,"3090 Satellite Blvd Duluth, GA 30096",(678) 534-7471
,,,,,Bid,"$27,750 ",GLOBAL MOTOR SPORTS INC,"5212 Harding Pike Nashville, TN 37205",615-353-9333
,,,,,SOLD,"$27,750 ",GLOBAL MOTOR SPORTS INC,"5212 Harding Pike Nashville, TN 37205",615-353-9333
217,2014,INFINITI Q50 4X2 V6 PREMIUM,26189,JN1BV7AP8EM684328,,,,,
,,,,,SOLD,"$21,750 ",METRO INFINITI INC,"821 E Central Ave Monrovia, CA 91016",(626) 303-1000
218,2012,INFINITI G37 4X2 JOURNEY,42614,JN1CV6AP6CM931129,,,,,
,,,,,Bid,"$18,250 ","AUSTIN EAUTOS, INC.","16809 Calply Dr Round Rock, TX 78664",(512) 252-1777
,,,,,Bid,"$17,750 ",EUROPEAN MOTORS GROUP,"1485 E Walnut St, Pasadena, CA 91106, United States",626-568-3876
,,,,,SOLD,"$18,250 ","AUSTIN EAUTOS, INC.","16809 Calply Dr Round Rock, TX 78664",(512) 252-1777
219,2014,INFINITI Q50 4X2 V6,20167,JN1BV7AP9EM682166,,,,,
,,,,,Bid,"$23,250 ","AUSTIN EAUTOS, INC.","16809 Calply Dr Round Rock, TX 78664",(512) 252-1777
220,2013,INFINITI G37 4X2 JOURNEY,31462,JN1CV6AP5DM300065,,,,,
,,,,,Bid,"$20,250 ",GLENDALE INFINITI,"812 S Brand Blvd, Glendale, CA 91204, United States",818-201-2637
,,,,,SOLD,"$18,250 ","AUSTIN EAUTOS, INC.","16809 Calply Dr Round Rock, TX 78664",(512) 252-1777
221,2013,INFINITI G37 4X2 JOURNEY,22239,JN1CV6AP0DM304878,,,,,
,,,,,Bid,"$18,750 ",620 MOTORSPORTS,NA,NA
,,,,,SOLD,"$18,750 ",620 MOTORSPORTS,NA,NA
222,2013,INFINITI G37 4X2 JOURNEY,16682,JN1CV6AP1DM714668,,,,,
,,,,,Bid,"$20,750 ",INFINITI OF THOUSAND OAKS,"3570 Thousand Oaks Blvd THOUSAND OAKS, CA 91362",(805) 494-1200
,,,,,Bid,"$19,750 ",620 MOTORSPORTS,NA,NA
,,,,,SOLD,"$21,500 ",METRO INFINITI INC,"821 E Central Ave Monrovia, CA 91016",(626) 303-1000
223,2014,INFINITI Q50 4X2 V6,18377,JN1BV7AP9EM674925,,,,,
,,,,,Bid,"$25,250 ",INFINITI OF THOUSAND OAKS,"3570 Thousand Oaks Blvd THOUSAND OAKS, CA 91362",(805) 494-1200
,,,,,Bid,"$25,000 ","AUSTIN EAUTOS, INC.","16809 Calply Dr Round Rock, TX 78664",(512) 252-1777
,,,,,SOLD,"$25,250 ",INFINITI OF THOUSAND OAKS,"3570 Thousand Oaks Blvd THOUSAND OAKS, CA 91362",(805) 494-1200
224,2013,INFINITI G37 4X2 JOURNEY,15913,JN1CV6AP6DM722782,,,,,
,,,,,Bid,"$19,000 ",NAPA NISSAN INC,"510 Soscol Ave Napa, CA 94559",(707) 253-1551
225,2013,INFINITI G37 4X2 JOURNEY,23970,JN1CV6AP5DM725169,,,,,
,,,,,Bid,"$20,500 ",INFINITI OF OAKLAND,"2801 Broadway, Oakland, CA 94611, United States",855-314-9838
,,,,,Bid,"$20,250 ",SC CAR ZONE,"2901 Harbor Blvd Costa Mesa, CA 92626",(866) 656-7198
,,,,,SOLD,"$20,500 ",INFINITI OF OAKLAND,"2801 Broadway, Oakland, CA 94611, United States",855-314-9838
226,2013,INFINITI M37 4X2,20343,JN1BY1AP6DM510244,,,,,
,,,,,Bid,"$26,000 ",SC CAR ZONE,"2901 Harbor Blvd Costa Mesa, CA 92626",(866) 656-7198
,,,,,SOLD,"$26,000 ",SC CAR ZONE,"2901 Harbor Blvd Costa Mesa, CA 92626",(866) 656-7198
227,2014,INFINITI Q50 4X2 V6,20211,JN1BV7AP2EM678802,,,,,
,,,,,Bid,"$23,000 ",SC CAR ZONE,"2901 Harbor Blvd Costa Mesa, CA 92626",(866) 656-7198
,,,,,Bid,"$24,000 ","AUSTIN EAUTOS, INC.","16809 Calply Dr Round Rock, TX 78664",(512) 252-1777
,,,,,Bid,"$23,250 ",SOUTHWEST AUTO CENTER INC,"9848 Southwest Fwy, Houston, TX 77074, United States",713-777-5403
,,,,,SOLD,"$24,000 ","AUSTIN EAUTOS, INC.","16809 Calply Dr Round Rock, TX 78664",(512) 252-1777
228,2013,INFINITI G37 4X2 JOURNEY,17486,JN1CV6AP2DM725758,,,,,
,,,,,Bid,"$23,000 ",SC CAR ZONE,"2901 Harbor Blvd Costa Mesa, CA 92626",(866) 656-7198
,,,,,Bid,"$21,750 ",INFINITI OF OAKLAND,"2801 Broadway, Oakland, CA 94611, United States",855-314-9838
,,,,,Bid,"$19,750 ",620 MOTORSPORTS,NA,NA
,,,,,Bid,"$20,500 ",INFINITI OF THOUSAND OAKS,"3570 Thousand Oaks Blvd THOUSAND OAKS, CA 91362",(805) 494-1200
,,,,,SOLD,"$21,750 ",INFINITI OF OAKLAND,"2801 Broadway, Oakland, CA 94611, United States",855-314-9838
229,2013,INFINITI G37 4X2 JOURNEY,49967,JN1CV6EK8DM920150,,,,,
,,,,,Bid,"$19,500 ",EUROPEAN MOTORS GROUP,"1485 E Walnut St, Pasadena, CA 91106, United States",626-568-3876
,,,,,SOLD,"$19,500 ",EUROPEAN MOTORS GROUP,"1485 E Walnut St, Pasadena, CA 91106, United States",626-568-3876
230,2014,INFINITI Q50 4X2 V6,23012,JN1BV7AP8EM675595,,,,,
,,,,,Bid,"$22,250 ",SC CAR ZONE,"2901 Harbor Blvd Costa Mesa, CA 92626",(866) 656-7198
,,,,,Bid,"$23,000 ",SOUTHWEST AUTO CENTER INC,"9848 Southwest Fwy, Houston, TX 77074, United States",713-777-5403
,,,,,Bid,"$23,250 ",AUTOFLEX LEASING,"558 South Central Expressway, Richardson, Texas 75080",972-234-1234
